Data;Partia_miesniowa;Cwiczenie;Nr_serii;Powtorzenia;Ciezar_kg;Szacowany_1RM
﻿2026-08-17;Klatka;Bench Press (Barbell);0;6;98.5;118.2
﻿2026-08-17;Klatka;Bench Press (Barbell);1;4;101.0;114.5
﻿2026-08-17;Klatka;Bench Press (Barbell);2;3;103.5;113.9
﻿2026-08-17;Klatka;Bench Press (Barbell);3;2;106.0;113.1
﻿2026-08-17;Brak kategorii;Pull Up (Weighted);0;10;5.0;6.7
﻿2026-08-17;Brak kategorii;Pull Up (Weighted);1;8;7.5;9.5
﻿2026-08-17;Brak kategorii;Pull Up (Weighted);2;7;7.5;9.2
﻿2026-08-17;Brak kategorii;Pull Up (Weighted);3;7;7.5;9.2
﻿2026-08-17;Klatka;Incline Bench Press (Smith Machine);0;7;80.0;98.7
﻿2026-08-17;Klatka;Incline Bench Press (Smith Machine);1;4;85.0;96.3
﻿2026-08-17;Klatka;Incline Bench Press (Smith Machine);2;13;64.0;91.7
﻿2026-08-17;Plecy;T Bar Row;0;10;72.5;96.7
﻿2026-08-17;Plecy;T Bar Row;1;8;77.5;98.2
﻿2026-08-17;Plecy;T Bar Row;2;15;58.25;87.4
﻿2026-08-17;Klatka;Low Cable Fly Crossovers;0;11;18.75;25.6
﻿2026-08-17;Klatka;Low Cable Fly Crossovers;1;7;20.0;24.7
﻿2026-08-17;Klatka;Low Cable Fly Crossovers;2;11;15.0;20.5
﻿2026-08-17;Plecy;Single Arm Cable Row;0;10;60.0;80.0
﻿2026-08-17;Plecy;Single Arm Cable Row;1;8;62.5;79.2
﻿2026-08-17;Plecy;Single Arm Cable Row;2;12;47.5;66.5
﻿2026-08-17;Barki;Lateral Raise (Machine);0;5;67.5;78.8
﻿2026-08-17;Barki;Lateral Raise (Machine);1;11;50.0;68.3
﻿2026-08-17;Barki;Rear Delt Reverse Fly (Machine);0;8;27.5;34.8
﻿2026-08-17;Barki;Rear Delt Reverse Fly (Machine);1;15;20.0;30.0
﻿2026-08-17;Biceps;Bicep Curl (Cable);0;7;37.5;46.2
﻿2026-08-17;Biceps;Bicep Curl (Cable);1;12;28.75;40.2
﻿2026-08-17;Triceps;Triceps Rope Pushdown;0;7;37.5;46.2
﻿2026-08-17;Triceps;Triceps Rope Pushdown;1;12;28.75;40.2
﻿2026-08-15;Nogi;Hack Squat (Machine) Kapelanka;0;10;152.0;202.7
﻿2026-08-15;Nogi;Hack Squat (Machine) Kapelanka;1;9;154.5;200.8
﻿2026-08-15;Nogi;Hack Squat (Machine) Kapelanka;2;8;157.0;198.9
﻿2026-08-15;Nogi;Leg Extension (Machine) Kapelanka;0;10;98.5;131.3
﻿2026-08-15;Nogi;Leg Extension (Machine) Kapelanka;1;10;101.0;134.7
﻿2026-08-15;Nogi;Leg Extension (Machine) Kapelanka;2;10;103.0;137.3
﻿2026-08-15;Nogi;Lying Leg Curl (Machine) Kapelanka;0;10;69.5;92.7
﻿2026-08-15;Nogi;Lying Leg Curl (Machine) Kapelanka;1;10;72.0;96.0
﻿2026-08-15;Nogi;Lying Leg Curl (Machine) Kapelanka;2;10;74.0;98.7
﻿2026-08-15;Brzuch;Hanging Leg Raise;0;20;0.0;0.0
﻿2026-08-15;Brzuch;Hanging Leg Raise;1;18;0.0;0.0
﻿2026-08-15;Brzuch;Hanging Leg Raise;2;17;0.0;0.0
﻿2026-08-15;Brzuch;Cable Crunch - Wyciąg Kapelanka - Na Podwyższeniu 15cm;0;12;46.25;64.8
﻿2026-08-15;Brzuch;Cable Crunch - Wyciąg Kapelanka - Na Podwyższeniu 15cm;1;12;46.25;64.8
﻿2026-08-15;Brzuch;Cable Crunch - Wyciąg Kapelanka - Na Podwyższeniu 15cm;2;12;46.25;64.8
﻿2026-08-14;Barki;Overhead Press (Smith Machine);0;9;70.0;91.0
﻿2026-08-14;Barki;Overhead Press (Smith Machine);1;7;75.0;92.5
﻿2026-08-14;Barki;Overhead Press (Smith Machine);2;4;80.0;90.7
﻿2026-08-14;Barki;Overhead Press (Smith Machine);3;12;60.0;84.0
﻿2026-08-14;Barki;Lateral Raise (Dumbbell);0;18;15.0;24.0
﻿2026-08-14;Barki;Lateral Raise (Dumbbell);1;12;17.5;24.5
﻿2026-08-14;Barki;Single Arm Lateral Raise (Cable);0;10;11.25;15.0
﻿2026-08-14;Barki;Single Arm Lateral Raise (Cable);1;4;12.5;14.2
﻿2026-08-14;Barki;Face Pull;0;12;35.0;49.0
﻿2026-08-14;Barki;Face Pull;1;12;35.0;49.0
﻿2026-08-14;Barki;Face Pull;2;12;36.25;50.8
﻿2026-08-14;Barki;Face Pull;3;20;28.75;47.9
﻿2026-08-14;Biceps;Preacher Curl (Machine);0;7;55.0;67.8
﻿2026-08-14;Biceps;Preacher Curl (Machine);1;6;57.5;69.0
﻿2026-08-14;Biceps;Preacher Curl (Machine);2;9;43.5;56.6
﻿2026-08-14;Triceps;Skullcrusher (Barbell);0;9;51.5;67.0
﻿2026-08-14;Triceps;Skullcrusher (Barbell);1;6;54.0;64.8
﻿2026-08-14;Triceps;Skullcrusher (Barbell);2;12;44.0;61.6
﻿2026-08-14;Biceps;Seated Incline Curl (Dumbbell);0;12;17.5;24.5
﻿2026-08-14;Biceps;Seated Incline Curl (Dumbbell);1;8;20.0;25.3
﻿2026-08-14;Triceps;Triceps Pushdown V-Grip;0;10;46.25;61.7
﻿2026-08-14;Triceps;Triceps Pushdown V-Grip;1;7;47.5;58.6
﻿2026-08-14;Biceps;Hammer Curl (Cable);0;10;38.25;51.0
﻿2026-08-14;Biceps;Hammer Curl (Cable);1;10;28.75;38.3
﻿2026-08-14;Triceps;Single Arm Triceps Pushdown (Cable) (Catana);0;9;13.75;17.9
﻿2026-08-14;Triceps;Single Arm Triceps Pushdown (Cable) (Catana);1;12;10.0;14.0
﻿2026-08-13;Klatka;Feet Up Bench Press (Barbell);0;10;90.0;120.0
﻿2026-08-13;Klatka;Feet Up Bench Press (Barbell);1;8;92.5;117.2
﻿2026-08-13;Klatka;Feet Up Bench Press (Barbell);2;6;95.0;114.0
﻿2026-08-13;Plecy;Lat Pulldown - Close Grip (Cable);0;11;99.5;136.0
﻿2026-08-13;Plecy;Lat Pulldown - Close Grip (Cable);1;10;103.0;137.3
﻿2026-08-13;Plecy;Lat Pulldown - Close Grip (Cable);2;7;110.0;135.7
﻿2026-08-13;Plecy;Lat Pulldown - Close Grip (Cable);3;12;82.0;114.8
﻿2026-08-13;Klatka;Incline Chest Press (Machine);0;8;112.5;142.5
﻿2026-08-13;Klatka;Incline Chest Press (Machine);1;7;115.0;141.8
﻿2026-08-13;Klatka;Incline Chest Press (Machine);2;6;117.5;141.0
﻿2026-08-13;Klatka;Incline Chest Press (Machine);3;11;88.0;120.3
﻿2026-08-13;Plecy;Iso-Lateral High Row (Machine);0;10;145.0;193.3
﻿2026-08-13;Plecy;Iso-Lateral High Row (Machine);1;8;155.0;196.3
﻿2026-08-13;Plecy;Iso-Lateral High Row (Machine);2;14;117.5;172.3
﻿2026-08-13;Klatka;Butterfly (Pec Deck);0;11;115.0;157.2
﻿2026-08-13;Klatka;Butterfly (Pec Deck);1;9;117.0;152.1
﻿2026-08-13;Klatka;Butterfly (Pec Deck);2;10;88.0;117.3
﻿2026-08-13;Plecy;Pullover (Machine);0;12;107.5;150.5
﻿2026-08-13;Plecy;Pullover (Machine);1;10;112.5;150.0
﻿2026-08-13;Plecy;Pullover (Machine);2;8;117.5;148.8
﻿2026-08-12;Cardio;Treadmill;0;0;0.0;0.0
﻿2026-08-11;Rozgrzewka;Warm Up;0;0;0.0;0.0
﻿2026-08-11;Nogi;Front Squat;0;5;107.5;125.4
﻿2026-08-11;Nogi;Front Squat;1;4;112.5;127.5
﻿2026-08-11;Nogi;Front Squat;2;2;117.5;125.3
﻿2026-08-11;Nogi;Romanian Deadlift (Barbell);0;9;135.0;175.5
﻿2026-08-11;Nogi;Romanian Deadlift (Barbell);1;8;145.0;183.7
﻿2026-08-11;Nogi;Romanian Deadlift (Barbell);2;6;155.0;186.0
﻿2026-08-11;Nogi;Belt Squat (Machine);0;12;180.0;252.0
﻿2026-08-11;Nogi;Belt Squat (Machine);1;11;190.0;259.7
﻿2026-08-11;Nogi;Belt Squat (Machine);2;10;200.0;266.7
﻿2026-08-11;Nogi;Leg Extension (Machine);0;11;100.0;136.7
﻿2026-08-11;Nogi;Leg Extension (Machine);1;10;102.5;136.7
﻿2026-08-11;Nogi;Leg Extension (Machine);2;11;77.5;105.9
﻿2026-08-11;Nogi;Seated Leg Curl (Machine);0;10;72.5;96.7
﻿2026-08-11;Nogi;Seated Leg Curl (Machine);1;8;77.5;98.2
﻿2026-08-11;Nogi;Seated Leg Curl (Machine);2;13;57.5;82.4
﻿2026-08-11;Nogi;Hip Adduction (Machine);0;13;100.0;143.3
﻿2026-08-11;Nogi;Hip Adduction (Machine);1;13;100.0;143.3
﻿2026-08-11;Brzuch;Cable Crunch;0;13;55.0;78.8
﻿2026-08-11;Brzuch;Cable Crunch;1;12;57.5;80.5
﻿2026-08-11;Brzuch;Cable Crunch;2;16;43.75;67.1
﻿2026-08-11;Brzuch;Cable Core Pallof Press;0;9;27.5;35.8
﻿2026-08-11;Brzuch;Cable Core Pallof Press;1;8;28.75;36.4
﻿2026-08-10;Klatka;Bench Press (Barbell);0;7;98.5;121.5
﻿2026-08-10;Klatka;Bench Press (Barbell);1;5;101.0;117.8
﻿2026-08-10;Klatka;Bench Press (Barbell);2;4;103.5;117.3
﻿2026-08-10;Klatka;Bench Press (Barbell);3;2;106.0;113.1
﻿2026-08-10;Brak kategorii;Pull Up (Weighted);0;9;5.0;6.5
﻿2026-08-10;Brak kategorii;Pull Up (Weighted);1;8;5.0;6.3
﻿2026-08-10;Brak kategorii;Pull Up (Weighted);2;8;5.0;6.3
﻿2026-08-10;Brak kategorii;Pull Up (Weighted);3;7;5.0;6.2
﻿2026-08-10;Klatka;Incline Bench Press (Smith Machine);0;7;80.0;98.7
﻿2026-08-10;Klatka;Incline Bench Press (Smith Machine);1;6;82.5;99.0
﻿2026-08-10;Klatka;Incline Bench Press (Smith Machine);2;13;62.5;89.6
﻿2026-08-10;Plecy;T Bar Row;0;10;71.25;95.0
﻿2026-08-10;Plecy;T Bar Row;1;8;76.25;96.6
﻿2026-08-10;Plecy;T Bar Row;2;12;57.5;80.5
﻿2026-08-10;Klatka;Low Cable Fly Crossovers;0;11;17.5;23.9
﻿2026-08-10;Klatka;Low Cable Fly Crossovers;1;10;18.75;25.0
﻿2026-08-10;Klatka;Low Cable Fly Crossovers;2;12;13.75;19.2
﻿2026-08-10;Plecy;Single Arm Cable Row;0;11;55.0;75.2
﻿2026-08-10;Plecy;Single Arm Cable Row;1;10;57.5;76.7
﻿2026-08-10;Plecy;Single Arm Cable Row;2;12;43.5;60.9
﻿2026-08-10;Barki;Lateral Raise (Machine);0;8;65.0;82.3
﻿2026-08-10;Barki;Lateral Raise (Machine);1;13;47.5;68.1
﻿2026-08-10;Barki;Rear Delt Reverse Fly (Machine);0;7;27.5;33.9
﻿2026-08-10;Barki;Rear Delt Reverse Fly (Machine);1;13;20.0;28.7
﻿2026-08-10;Biceps;Bicep Curl (Cable);0;8;36.25;45.9
﻿2026-08-10;Biceps;Bicep Curl (Cable);1;12;27.5;38.5
﻿2026-08-10;Triceps;Triceps Rope Pushdown;0;8;36.25;45.9
﻿2026-08-10;Triceps;Triceps Rope Pushdown;1;12;27.5;38.5
﻿2026-08-08;Nogi;Hack Squat (Machine) Kapelanka;0;10;149.5;199.3
﻿2026-08-08;Nogi;Hack Squat (Machine) Kapelanka;1;9;152.0;197.6
﻿2026-08-08;Nogi;Hack Squat (Machine) Kapelanka;2;8;154.5;195.7
﻿2026-08-08;Nogi;Leg Extension (Machine) Kapelanka;0;10;96.0;128.0
﻿2026-08-08;Nogi;Leg Extension (Machine) Kapelanka;1;10;98.5;131.3
﻿2026-08-08;Nogi;Leg Extension (Machine) Kapelanka;2;10;101.0;134.7
﻿2026-08-08;Nogi;Lying Leg Curl (Machine) Kapelanka;0;10;67.0;89.3
﻿2026-08-08;Nogi;Lying Leg Curl (Machine) Kapelanka;1;10;69.5;92.7
﻿2026-08-08;Nogi;Lying Leg Curl (Machine) Kapelanka;2;10;72.0;96.0
﻿2026-08-08;Brzuch;Hanging Leg Raise;0;19;0.0;0.0
﻿2026-08-08;Brzuch;Hanging Leg Raise;1;17;0.0;0.0
﻿2026-08-08;Brzuch;Hanging Leg Raise;2;16;0.0;0.0
﻿2026-08-08;Brzuch;Cable Crunch - Wyciąg Kapelanka - Na Podwyższeniu 15cm;0;13;44.5;63.8
﻿2026-08-08;Brzuch;Cable Crunch - Wyciąg Kapelanka - Na Podwyższeniu 15cm;1;10;46.25;61.7
﻿2026-08-08;Brzuch;Cable Crunch - Wyciąg Kapelanka - Na Podwyższeniu 15cm;2;10;46.25;61.7
﻿2026-08-07;Barki;Overhead Press (Smith Machine);0;9;70.0;91.0
﻿2026-08-07;Barki;Overhead Press (Smith Machine);1;7;75.0;92.5
﻿2026-08-07;Barki;Overhead Press (Smith Machine);2;4;80.0;90.7
﻿2026-08-07;Barki;Overhead Press (Smith Machine);3;11;60.0;82.0
﻿2026-08-07;Barki;Lateral Raise (Dumbbell);0;17;15.0;23.5
﻿2026-08-07;Barki;Lateral Raise (Dumbbell);1;11;17.5;23.9
﻿2026-08-07;Barki;Single Arm Lateral Raise (Cable);0;10;11.25;15.0
﻿2026-08-07;Barki;Single Arm Lateral Raise (Cable);1;4;12.5;14.2
﻿2026-08-07;Barki;Face Pull;0;13;32.5;46.6
﻿2026-08-07;Barki;Face Pull;1;12;33.75;47.2
﻿2026-08-07;Barki;Face Pull;2;11;35.0;47.8
﻿2026-08-07;Barki;Face Pull;3;17;27.5;43.1
﻿2026-08-07;Biceps;Preacher Curl (Machine);0;7;55.0;67.8
﻿2026-08-07;Biceps;Preacher Curl (Machine);1;6;57.5;69.0
﻿2026-08-07;Biceps;Preacher Curl (Machine);2;8;43.5;55.1
﻿2026-08-07;Triceps;Skullcrusher (Barbell);0;9;51.5;67.0
﻿2026-08-07;Triceps;Skullcrusher (Barbell);1;6;54.0;64.8
﻿2026-08-07;Triceps;Skullcrusher (Barbell);2;12;43.5;60.9
﻿2026-08-07;Biceps;Seated Incline Curl (Dumbbell);0;12;17.5;24.5
﻿2026-08-07;Biceps;Seated Incline Curl (Dumbbell);1;8;20.0;25.3
﻿2026-08-07;Triceps;Triceps Pushdown V-Grip;0;10;45.0;60.0
﻿2026-08-07;Triceps;Triceps Pushdown V-Grip;1;9;46.25;60.1
﻿2026-08-07;Biceps;Hammer Curl (Cable);0;10;38.25;51.0
﻿2026-08-07;Biceps;Hammer Curl (Cable);1;9;40.0;52.0
﻿2026-08-07;Triceps;Single Arm Triceps Pushdown (Cable) (Catana);0;9;13.75;17.9
﻿2026-08-07;Triceps;Single Arm Triceps Pushdown (Cable) (Catana);1;6;15.0;18.0
﻿2026-08-06;Klatka;Feet Up Bench Press (Barbell);0;10;89.5;119.3
﻿2026-08-06;Klatka;Feet Up Bench Press (Barbell);1;9;92.0;119.6
﻿2026-08-06;Klatka;Feet Up Bench Press (Barbell);2;7;94.5;116.6
﻿2026-08-06;Plecy;Lat Pulldown - Close Grip (Cable);0;10;99.5;132.7
﻿2026-08-06;Plecy;Lat Pulldown - Close Grip (Cable);1;9;103.0;133.9
﻿2026-08-06;Plecy;Lat Pulldown - Close Grip (Cable);2;8;106.5;134.9
﻿2026-08-06;Plecy;Lat Pulldown - Close Grip (Cable);3;12;80.0;112.0
﻿2026-08-06;Klatka;Incline Chest Press (Machine);0;9;110.0;143.0
﻿2026-08-06;Klatka;Incline Chest Press (Machine);1;8;112.5;142.5
﻿2026-08-06;Klatka;Incline Chest Press (Machine);2;6;115.0;138.0
﻿2026-08-06;Klatka;Incline Chest Press (Machine);3;12;86.0;120.4
﻿2026-08-06;Plecy;Iso-Lateral High Row (Machine);0;10;142.5;190.0
﻿2026-08-06;Plecy;Iso-Lateral High Row (Machine);1;8;152.5;193.2
﻿2026-08-06;Plecy;Iso-Lateral High Row (Machine);2;13;115.0;164.8
﻿2026-08-06;Klatka;Butterfly (Pec Deck);0;10;115.0;153.3
﻿2026-08-06;Klatka;Butterfly (Pec Deck);1;8;117.0;148.2
﻿2026-08-06;Klatka;Butterfly (Pec Deck);2;9;88.0;114.4
﻿2026-08-06;Plecy;Pullover (Machine);0;12;105.0;147.0
﻿2026-08-06;Plecy;Pullover (Machine);1;10;110.0;146.7
﻿2026-08-06;Plecy;Pullover (Machine);2;8;115.0;145.7
﻿2026-08-05;Cardio;Treadmill;0;0;0.0;0.0
﻿2026-08-04;Rozgrzewka;Warm Up;0;0;0.0;0.0
﻿2026-08-04;Nogi;Front Squat;0;5;106.0;123.7
﻿2026-08-04;Nogi;Front Squat;1;4;111.0;125.8
﻿2026-08-04;Nogi;Front Squat;2;3;116.0;127.6
﻿2026-08-04;Nogi;Romanian Deadlift (Barbell);0;9;133.5;173.6
﻿2026-08-04;Nogi;Romanian Deadlift (Barbell);1;8;143.5;181.8
﻿2026-08-04;Nogi;Romanian Deadlift (Barbell);2;6;153.5;184.2
﻿2026-08-04;Nogi;Belt Squat (Machine);0;12;170.0;238.0
﻿2026-08-04;Nogi;Belt Squat (Machine);1;10;180.0;240.0
﻿2026-08-04;Nogi;Belt Squat (Machine);2;10;190.0;253.3
﻿2026-08-04;Nogi;Leg Extension (Machine);0;11;95.0;129.8
﻿2026-08-04;Nogi;Leg Extension (Machine);1;11;97.5;133.2
﻿2026-08-04;Nogi;Leg Extension (Machine);2;10;100.0;133.3
﻿2026-08-04;Nogi;Lying Leg Curl (Machine);0;10;57.5;76.7
﻿2026-08-04;Nogi;Lying Leg Curl (Machine);1;6;60.0;72.0
﻿2026-08-04;Nogi;Lying Leg Curl (Machine);2;7;60.0;74.0
﻿2026-08-04;Nogi;Hip Adduction (Machine);0;13;100.0;143.3
﻿2026-08-04;Nogi;Hip Adduction (Machine);1;13;100.0;143.3
﻿2026-08-04;Brzuch;Cable Crunch;0;12;55.0;77.0
﻿2026-08-04;Brzuch;Cable Crunch;1;12;55.0;77.0
﻿2026-08-04;Brzuch;Cable Crunch;2;11;55.0;75.2
﻿2026-08-04;Brzuch;Cable Core Pallof Press;0;9;26.25;34.1
﻿2026-08-04;Brzuch;Cable Core Pallof Press;1;8;27.5;34.8
﻿2026-08-03;Klatka;Bench Press (Barbell);0;7;97.5;120.2
﻿2026-08-03;Klatka;Bench Press (Barbell);1;6;100.0;120.0
﻿2026-08-03;Klatka;Bench Press (Barbell);2;5;102.5;119.6
﻿2026-08-03;Klatka;Bench Press (Barbell);3;3;105.0;115.5
﻿2026-08-03;Plecy;Pull Up;0;11;0.0;0.0
﻿2026-08-03;Plecy;Pull Up;1;10;0.0;0.0
﻿2026-08-03;Plecy;Pull Up;2;9;0.0;0.0
﻿2026-08-03;Plecy;Pull Up;3;8;0.0;0.0
﻿2026-08-03;Klatka;Incline Bench Press (Smith Machine);0;8;77.5;98.2
﻿2026-08-03;Klatka;Incline Bench Press (Smith Machine);1;7;80.0;98.7
﻿2026-08-03;Klatka;Incline Bench Press (Smith Machine);2;5;82.5;96.2
﻿2026-08-03;Plecy;T Bar Row;0;10;66.0;88.0
﻿2026-08-03;Plecy;T Bar Row;1;8;71.0;89.9
﻿2026-08-03;Plecy;T Bar Row;2;8;76.0;96.3
﻿2026-08-03;Klatka;Low Cable Fly Crossovers;0;10;17.5;23.3
﻿2026-08-03;Klatka;Low Cable Fly Crossovers;1;9;18.75;24.4
﻿2026-08-03;Klatka;Low Cable Fly Crossovers;2;11;13.75;18.8
﻿2026-08-03;Plecy;Single Arm Cable Row;0;11;53.75;73.5
﻿2026-08-03;Plecy;Single Arm Cable Row;1;10;55.0;73.3
﻿2026-08-03;Plecy;Single Arm Cable Row;2;12;41.25;57.7
﻿2026-08-03;Barki;Lateral Raise (Machine);0;7;65.0;80.2
﻿2026-08-03;Barki;Lateral Raise (Machine);1;11;47.5;64.9
﻿2026-08-03;Barki;Rear Delt Reverse Fly (Machine);0;10;25.0;33.3
﻿2026-08-03;Barki;Rear Delt Reverse Fly (Machine);1;13;17.5;25.1
﻿2026-08-03;Biceps;Bicep Curl (Cable);0;8;35.0;44.3
﻿2026-08-03;Biceps;Bicep Curl (Cable);1;12;26.25;36.8
﻿2026-08-03;Triceps;Triceps Rope Pushdown;0;8;35.0;44.3
﻿2026-08-03;Triceps;Triceps Rope Pushdown;1;12;27.5;38.5
﻿2026-08-01;Nogi;Hack Squat (Machine) Kapelanka;0;10;147.0;196.0
﻿2026-08-01;Nogi;Hack Squat (Machine) Kapelanka;1;9;149.5;194.3
﻿2026-08-01;Nogi;Hack Squat (Machine) Kapelanka;2;8;152.0;192.5
﻿2026-08-01;Nogi;Leg Extension (Machine) Kapelanka;0;10;91.5;122.0
﻿2026-08-01;Nogi;Leg Extension (Machine) Kapelanka;1;10;96.0;128.0
﻿2026-08-01;Nogi;Leg Extension (Machine) Kapelanka;2;10;98.5;131.3
﻿2026-08-01;Nogi;Lying Leg Curl (Machine) Kapelanka;0;10;62.5;83.3
﻿2026-08-01;Nogi;Lying Leg Curl (Machine) Kapelanka;1;10;67.0;89.3
﻿2026-08-01;Nogi;Lying Leg Curl (Machine) Kapelanka;2;10;69.5;92.7
﻿2026-08-01;Brzuch;Hanging Leg Raise;0;18;0.0;0.0
﻿2026-08-01;Brzuch;Hanging Leg Raise;1;17;0.0;0.0
﻿2026-08-01;Brzuch;Hanging Leg Raise;2;16;0.0;0.0
﻿2026-08-01;Brzuch;Cable Crunch - Wyciąg Kapelanka - Na Podwyższeniu 15cm;0;12;44.5;62.3
﻿2026-08-01;Brzuch;Cable Crunch - Wyciąg Kapelanka - Na Podwyższeniu 15cm;1;8;46.25;58.6
﻿2026-08-01;Brzuch;Cable Crunch - Wyciąg Kapelanka - Na Podwyższeniu 15cm;2;10;46.25;61.7
﻿2026-07-31;Barki;Overhead Press (Smith Machine);0;8;70.0;88.7
﻿2026-07-31;Barki;Overhead Press (Smith Machine);1;6;75.0;90.0
﻿2026-07-31;Barki;Overhead Press (Smith Machine);2;4;80.0;90.7
﻿2026-07-31;Barki;Overhead Press (Smith Machine);3;11;60.0;82.0
﻿2026-07-31;Barki;Lateral Raise (Dumbbell);0;16;15.0;23.0
﻿2026-07-31;Barki;Lateral Raise (Dumbbell);1;10;17.5;23.3
﻿2026-07-31;Barki;Single Arm Lateral Raise (Cable);0;10;10.0;13.3
﻿2026-07-31;Barki;Single Arm Lateral Raise (Cable);1;9;11.25;14.6
﻿2026-07-31;Barki;Face Pull;0;12;32.5;45.5
﻿2026-07-31;Barki;Face Pull;1;12;32.5;45.5
﻿2026-07-31;Barki;Face Pull;2;11;33.75;46.1
﻿2026-07-31;Barki;Face Pull;3;16;26.0;39.9
﻿2026-07-31;Biceps;Preacher Curl (Machine);0;6;55.0;66.0
﻿2026-07-31;Biceps;Preacher Curl (Machine);1;5;57.5;67.1
﻿2026-07-31;Biceps;Preacher Curl (Machine);2;7;43.5;53.7
﻿2026-07-31;Triceps;Skullcrusher (Barbell);0;7;51.5;63.5
﻿2026-07-31;Triceps;Skullcrusher (Barbell);1;6;54.0;64.8
﻿2026-07-31;Triceps;Skullcrusher (Barbell);2;13;41.5;59.5
﻿2026-07-31;Biceps;Seated Incline Curl (Dumbbell);0;12;17.5;24.5
﻿2026-07-31;Biceps;Seated Incline Curl (Dumbbell);1;8;20.0;25.3
﻿2026-07-31;Triceps;Triceps Pushdown V-Grip;0;10;43.75;58.3
﻿2026-07-31;Triceps;Triceps Pushdown V-Grip;1;9;45.0;58.5
﻿2026-07-31;Biceps;Hammer Curl (Cable);0;10;37.5;50.0
﻿2026-07-31;Biceps;Hammer Curl (Cable);1;9;38.75;50.4
﻿2026-07-31;Triceps;Single Arm Triceps Pushdown (Cable) (Catana);0;10;12.5;16.7
﻿2026-07-31;Triceps;Single Arm Triceps Pushdown (Cable) (Catana);1;9;13.75;17.9
﻿2026-07-30;Klatka;Feet Up Bench Press (Barbell);0;10;88.5;118.0
﻿2026-07-30;Klatka;Feet Up Bench Press (Barbell);1;9;91.0;118.3
﻿2026-07-30;Klatka;Feet Up Bench Press (Barbell);2;8;93.5;118.4
﻿2026-07-30;Plecy;Lat Pulldown - Close Grip (Cable);0;10;96.0;128.0
﻿2026-07-30;Plecy;Lat Pulldown - Close Grip (Cable);1;9;99.5;129.3
﻿2026-07-30;Plecy;Lat Pulldown - Close Grip (Cable);2;8;103.0;130.5
﻿2026-07-30;Plecy;Lat Pulldown - Close Grip (Cable);3;11;78.5;107.3
﻿2026-07-30;Klatka;Incline Chest Press (Machine);0;8;110.0;139.3
﻿2026-07-30;Klatka;Incline Chest Press (Machine);1;8;110.0;139.3
﻿2026-07-30;Klatka;Incline Chest Press (Machine);2;6;112.5;135.0
﻿2026-07-30;Klatka;Incline Chest Press (Machine);3;12;83.5;116.9
﻿2026-07-30;Plecy;Iso-Lateral High Row (Machine);0;10;140.0;186.7
﻿2026-07-30;Plecy;Iso-Lateral High Row (Machine);1;8;150.0;190.0
﻿2026-07-30;Plecy;Iso-Lateral High Row (Machine);2;12;112.5;157.5
﻿2026-07-30;Klatka;Butterfly (Pec Deck);0;11;112.5;153.8
﻿2026-07-30;Klatka;Butterfly (Pec Deck);1;9;115.0;149.5
﻿2026-07-30;Klatka;Butterfly (Pec Deck);2;9;87.0;113.1
﻿2026-07-30;Plecy;Pullover (Machine);0;12;102.5;143.5
﻿2026-07-30;Plecy;Pullover (Machine);1;11;107.5;146.9
﻿2026-07-30;Plecy;Pullover (Machine);2;9;112.5;146.2
﻿2026-07-29;Rozgrzewka;Warm Up;0;0;0.0;0.0
﻿2026-07-29;Nogi;Front Squat;0;5;105.0;122.5
﻿2026-07-29;Nogi;Front Squat;1;4;110.0;124.7
﻿2026-07-29;Nogi;Front Squat;2;3;115.0;126.5
﻿2026-07-29;Nogi;Romanian Deadlift (Barbell);0;9;132.5;172.2
﻿2026-07-29;Nogi;Romanian Deadlift (Barbell);1;8;142.5;180.5
﻿2026-07-29;Nogi;Romanian Deadlift (Barbell);2;6;152.5;183.0
﻿2026-07-29;Nogi;Belt Squat (Machine);0;12;160.0;224.0
﻿2026-07-29;Nogi;Belt Squat (Machine);1;10;170.0;226.7
﻿2026-07-29;Nogi;Belt Squat (Machine);2;8;180.0;228.0
﻿2026-07-29;Nogi;Leg Extension (Machine);0;10;95.0;126.7
﻿2026-07-29;Nogi;Leg Extension (Machine);1;10;97.5;130.0
﻿2026-07-29;Nogi;Leg Extension (Machine);2;10;100.0;133.3
﻿2026-07-29;Nogi;Seated Leg Curl (Machine);0;10;65.0;86.7
﻿2026-07-29;Nogi;Seated Leg Curl (Machine);1;9;70.0;91.0
﻿2026-07-29;Nogi;Seated Leg Curl (Machine);2;8;75.0;95.0
﻿2026-07-29;Nogi;Hip Adduction (Machine);0;12;100.0;140.0
﻿2026-07-29;Nogi;Hip Adduction (Machine);1;11;100.0;136.7
﻿2026-07-29;Brzuch;Cable Crunch;0;13;53.75;77.0
﻿2026-07-29;Brzuch;Cable Crunch;1;10;55.0;73.3
﻿2026-07-29;Brzuch;Cable Crunch;2;11;55.0;75.2
﻿2026-07-29;Brzuch;Cable Core Pallof Press;0;9;25.0;32.5
﻿2026-07-29;Brzuch;Cable Core Pallof Press;1;8;26.25;33.2
﻿2026-07-27;Klatka;Bench Press (Barbell);0;8;97.5;123.5
﻿2026-07-27;Klatka;Bench Press (Barbell);1;7;100.0;123.3
﻿2026-07-27;Klatka;Bench Press (Barbell);2;5;102.5;119.6
﻿2026-07-27;Klatka;Bench Press (Barbell);3;3;105.0;115.5
﻿2026-07-27;Plecy;Pull Up;0;11;0.0;0.0
﻿2026-07-27;Plecy;Pull Up;1;10;0.0;0.0
﻿2026-07-27;Plecy;Pull Up;2;9;0.0;0.0
﻿2026-07-27;Plecy;Pull Up;3;8;0.0;0.0
﻿2026-07-27;Klatka;Incline Bench Press (Smith Machine);0;7;77.5;95.6
﻿2026-07-27;Klatka;Incline Bench Press (Smith Machine);1;6;80.0;96.0
﻿2026-07-27;Klatka;Incline Bench Press (Smith Machine);2;4;82.5;93.5
﻿2026-07-27;Plecy;T Bar Row;0;10;65.0;86.7
﻿2026-07-27;Plecy;T Bar Row;1;8;70.0;88.7
﻿2026-07-27;Plecy;T Bar Row;2;7;75.0;92.5
﻿2026-07-27;Klatka;Low Cable Fly Crossovers;0;9;17.5;22.8
﻿2026-07-27;Klatka;Low Cable Fly Crossovers;1;8;18.75;23.8
﻿2026-07-27;Klatka;Low Cable Fly Crossovers;2;10;13.75;18.3
﻿2026-07-27;Plecy;Single Arm Cable Row;0;12;51.25;71.8
﻿2026-07-27;Plecy;Single Arm Cable Row;1;10;53.75;71.7
﻿2026-07-27;Plecy;Single Arm Cable Row;2;10;40.0;53.3
﻿2026-07-27;Barki;Lateral Raise (Machine);0;8;62.5;79.2
﻿2026-07-27;Barki;Lateral Raise (Machine);1;10;47.5;63.3
﻿2026-07-27;Barki;Rear Delt Reverse Fly (Machine);0;9;25.0;32.5
﻿2026-07-27;Barki;Rear Delt Reverse Fly (Machine);1;10;17.5;23.3
﻿2026-07-27;Biceps;Bicep Curl (Cable);0;9;33.75;43.9
﻿2026-07-27;Biceps;Bicep Curl (Cable);1;10;26.25;35.0
﻿2026-07-27;Triceps;Triceps Rope Pushdown;0;10;33.75;45.0
﻿2026-07-27;Triceps;Triceps Rope Pushdown;1;11;26.5;36.2
﻿2026-07-25;Nogi;Hack Squat (Machine) Kapelanka;0;8;147.0;186.2
﻿2026-07-25;Nogi;Hack Squat (Machine) Kapelanka;1;8;147.0;186.2
﻿2026-07-25;Nogi;Hack Squat (Machine) Kapelanka;2;8;147.0;186.2
﻿2026-07-25;Nogi;Leg Extension (Machine) Kapelanka;0;10;82.0;109.3
﻿2026-07-25;Nogi;Leg Extension (Machine) Kapelanka;1;10;89.0;118.7
﻿2026-07-25;Nogi;Leg Extension (Machine) Kapelanka;2;1;96.0;99.2
﻿2026-07-25;Nogi;Lying Leg Curl (Machine) Kapelanka;0;10;53.0;70.7
﻿2026-07-25;Nogi;Lying Leg Curl (Machine) Kapelanka;1;10;60.0;80.0
﻿2026-07-25;Nogi;Lying Leg Curl (Machine) Kapelanka;2;10;67.0;89.3
﻿2026-07-25;Brzuch;Hanging Leg Raise;0;17;0.0;0.0
﻿2026-07-25;Brzuch;Hanging Leg Raise;1;16;0.0;0.0
﻿2026-07-25;Brzuch;Hanging Leg Raise;2;15;0.0;0.0
﻿2026-07-25;Brzuch;Cable Crunch - Wyciąg Kapelanka - Na Podwyższeniu 15cm;0;12;44.5;62.3
﻿2026-07-25;Brzuch;Cable Crunch - Wyciąg Kapelanka - Na Podwyższeniu 15cm;1;12;44.5;62.3
﻿2026-07-25;Brzuch;Cable Crunch - Wyciąg Kapelanka - Na Podwyższeniu 15cm;2;10;46.25;61.7
﻿2026-07-24;Barki;Overhead Press (Smith Machine);0;8;70.0;88.7
﻿2026-07-24;Barki;Overhead Press (Smith Machine);1;6;75.0;90.0
﻿2026-07-24;Barki;Overhead Press (Smith Machine);2;3;80.0;88.0
﻿2026-07-24;Barki;Overhead Press (Smith Machine);3;9;60.0;78.0
﻿2026-07-24;Barki;Lateral Raise (Dumbbell);0;13;15.0;21.5
﻿2026-07-24;Barki;Lateral Raise (Dumbbell);1;15;15.0;22.5
﻿2026-07-24;Barki;Single Arm Lateral Raise (Cable);0;9;10.0;13.0
﻿2026-07-24;Barki;Single Arm Lateral Raise (Cable);1;8;11.25;14.2
﻿2026-07-24;Barki;Face Pull;0;13;30.0;43.0
﻿2026-07-24;Barki;Face Pull;1;13;31.25;44.8
﻿2026-07-24;Barki;Face Pull;2;12;32.5;45.5
﻿2026-07-24;Barki;Face Pull;3;15;25.0;37.5
﻿2026-07-24;Biceps;Preacher Curl (Machine);0;7;53.75;66.3
﻿2026-07-24;Biceps;Preacher Curl (Machine);1;5;56.25;65.6
﻿2026-07-24;Biceps;Preacher Curl (Machine);2;8;42.5;53.8
﻿2026-07-24;Triceps;Skullcrusher (Barbell);0;9;51.5;67.0
﻿2026-07-24;Triceps;Skullcrusher (Barbell);1;6;54.0;64.8
﻿2026-07-24;Triceps;Skullcrusher (Barbell);2;11;41.5;56.7
﻿2026-07-24;Biceps;Seated Incline Curl (Dumbbell);0;11;17.5;23.9
﻿2026-07-24;Biceps;Seated Incline Curl (Dumbbell);1;6;20.0;24.0
﻿2026-07-24;Triceps;Triceps Pushdown V-Grip;0;9;43.75;56.9
﻿2026-07-24;Triceps;Triceps Pushdown V-Grip;1;8;45.0;57.0
﻿2026-07-24;Biceps;Hammer Curl (Cable);0;9;37.5;48.8
﻿2026-07-24;Biceps;Hammer Curl (Cable);1;8;38.75;49.1
﻿2026-07-24;Triceps;Single Arm Triceps Pushdown (Cable) (Catana);0;9;12.5;16.2
﻿2026-07-24;Triceps;Single Arm Triceps Pushdown (Cable) (Catana);1;8;13.75;17.4
﻿2026-07-23;Klatka;Feet Up Bench Press (Barbell);0;10;87.5;116.7
﻿2026-07-23;Klatka;Feet Up Bench Press (Barbell);1;9;90.0;117.0
﻿2026-07-23;Klatka;Feet Up Bench Press (Barbell);2;8;92.5;117.2
﻿2026-07-23;Plecy;Lat Pulldown - Close Grip (Cable);0;11;92.5;126.4
﻿2026-07-23;Plecy;Lat Pulldown - Close Grip (Cable);1;9;96.0;124.8
﻿2026-07-23;Plecy;Lat Pulldown - Close Grip (Cable);2;7;103.0;127.0
﻿2026-07-23;Plecy;Lat Pulldown - Close Grip (Cable);3;10;78.5;104.7
﻿2026-07-23;Klatka;Incline Chest Press (Machine);0;8;110.0;139.3
﻿2026-07-23;Klatka;Incline Chest Press (Machine);1;7;110.0;135.7
﻿2026-07-23;Klatka;Incline Chest Press (Machine);2;6;110.0;132.0
﻿2026-07-23;Klatka;Incline Chest Press (Machine);3;10;82.5;110.0
﻿2026-07-23;Plecy;Iso-Lateral High Row (Machine);0;12;130.0;182.0
﻿2026-07-23;Plecy;Iso-Lateral High Row (Machine);1;10;137.5;183.3
﻿2026-07-23;Plecy;Iso-Lateral High Row (Machine);2;8;145.0;183.7
﻿2026-07-23;Klatka;Butterfly (Pec Deck);0;10;112.5;150.0
﻿2026-07-23;Klatka;Butterfly (Pec Deck);1;8;115.0;145.7
﻿2026-07-23;Klatka;Butterfly (Pec Deck);2;8;87.0;110.2
﻿2026-07-23;Plecy;Pullover (Machine);0;12;100.0;140.0
﻿2026-07-23;Plecy;Pullover (Machine);1;11;105.0;143.5
﻿2026-07-23;Plecy;Pullover (Machine);2;9;110.0;143.0
﻿2026-07-22;Cardio;Treadmill;0;0;0.0;0.0
﻿2026-07-21;Rozgrzewka;Warm Up;0;0;0.0;0.0
﻿2026-07-21;Nogi;Front Squat;0;5;103.5;120.8
﻿2026-07-21;Nogi;Front Squat;1;4;108.5;123.0
﻿2026-07-21;Nogi;Front Squat;2;3;113.5;124.9
﻿2026-07-21;Nogi;Romanian Deadlift (Barbell);0;9;131.0;170.3
﻿2026-07-21;Nogi;Romanian Deadlift (Barbell);1;8;141.0;178.6
﻿2026-07-21;Nogi;Romanian Deadlift (Barbell);2;6;151.0;181.2
﻿2026-07-21;Nogi;Belt Squat (Machine);0;10;150.0;200.0
﻿2026-07-21;Nogi;Belt Squat (Machine);1;10;160.0;213.3
﻿2026-07-21;Nogi;Belt Squat (Machine);2;8;170.0;215.3
﻿2026-07-21;Nogi;Leg Extension (Machine);0;10;92.5;123.3
﻿2026-07-21;Nogi;Leg Extension (Machine);1;10;95.0;126.7
﻿2026-07-21;Nogi;Leg Extension (Machine);2;10;97.5;130.0
﻿2026-07-21;Nogi;Lying Leg Curl (Machine);0;11;55.0;75.2
﻿2026-07-21;Nogi;Lying Leg Curl (Machine);1;9;57.5;74.8
﻿2026-07-21;Nogi;Lying Leg Curl (Machine);2;6;60.0;72.0
﻿2026-07-21;Nogi;Hip Adduction (Machine);0;12;100.0;140.0
﻿2026-07-21;Nogi;Hip Adduction (Machine);1;10;100.0;133.3
﻿2026-07-21;Brzuch;Cable Crunch;0;12;53.75;75.2
﻿2026-07-21;Brzuch;Cable Crunch;1;12;53.75;75.2
﻿2026-07-21;Brzuch;Cable Crunch;2;9;55.0;71.5
﻿2026-07-21;Brzuch;Cable Core Pallof Press;0;8;25.0;31.7
﻿2026-07-21;Brzuch;Cable Core Pallof Press;1;7;26.25;32.4
﻿2026-07-20;Klatka;Bench Press (Barbell);0;8;97.5;123.5
﻿2026-07-20;Klatka;Bench Press (Barbell);1;6;100.0;120.0
﻿2026-07-20;Klatka;Bench Press (Barbell);2;5;102.5;119.6
﻿2026-07-20;Klatka;Bench Press (Barbell);3;4;105.0;119.0
﻿2026-07-20;Plecy;Pull Up;0;11;0.0;0.0
﻿2026-07-20;Plecy;Pull Up;1;9;0.0;0.0
﻿2026-07-20;Plecy;Pull Up;2;8;0.0;0.0
﻿2026-07-20;Plecy;Pull Up;3;8;0.0;0.0
﻿2026-07-20;Klatka;Incline Bench Press (Smith Machine);0;7;77.5;95.6
﻿2026-07-20;Klatka;Incline Bench Press (Smith Machine);1;5;80.0;93.3
﻿2026-07-20;Klatka;Incline Bench Press (Smith Machine);2;4;82.5;93.5
﻿2026-07-20;Plecy;T Bar Row;0;10;63.75;85.0
﻿2026-07-20;Plecy;T Bar Row;1;8;68.75;87.1
﻿2026-07-20;Plecy;T Bar Row;2;7;73.75;91.0
﻿2026-07-20;Klatka;Low Cable Fly Crossovers;0;13;16.25;23.3
﻿2026-07-20;Klatka;Low Cable Fly Crossovers;1;8;17.5;22.2
﻿2026-07-20;Klatka;Low Cable Fly Crossovers;2;8;17.5;22.2
﻿2026-07-20;Plecy;Single Arm Cable Row;0;12;48.75;68.2
﻿2026-07-20;Plecy;Single Arm Cable Row;1;11;51.25;70.0
﻿2026-07-20;Plecy;Single Arm Cable Row;2;9;53.75;69.9
﻿2026-07-20;Barki;Lateral Raise (Machine);0;8;60.0;76.0
﻿2026-07-20;Barki;Lateral Raise (Machine);1;6;62.5;75.0
﻿2026-07-20;Barki;Rear Delt Reverse Fly (Machine);0;12;22.5;31.5
﻿2026-07-20;Barki;Rear Delt Reverse Fly (Machine);1;8;25.0;31.7
﻿2026-07-20;Biceps;Bicep Curl (Cable);0;9;33.75;43.9
﻿2026-07-20;Biceps;Bicep Curl (Cable);1;12;25.0;35.0
﻿2026-07-20;Triceps;Triceps Rope Pushdown;0;9;33.75;43.9
﻿2026-07-20;Triceps;Triceps Rope Pushdown;1;12;25.0;35.0
﻿2026-07-18;Nogi;Pendulum Squat (Machine);0;10;111.7;148.9
﻿2026-07-18;Nogi;Pendulum Squat (Machine);1;7;116.7;143.9
﻿2026-07-18;Nogi;Pendulum Squat (Machine);2;5;119.2;139.1
﻿2026-07-18;Nogi;Single Leg Press (Machine);0;8;135.5;171.6
﻿2026-07-18;Nogi;Single Leg Press (Machine);1;8;145.5;184.3
﻿2026-07-18;Nogi;Single Leg Press (Machine);2;8;155.5;197.0
﻿2026-07-18;Nogi;Single Leg Extensions;0;9;39.3;51.1
﻿2026-07-18;Nogi;Single Leg Extensions;1;8;40.55;51.4
﻿2026-07-18;Nogi;Single Leg Extensions;2;7;41.8;51.6
﻿2026-07-18;Nogi;Standing Leg Curls;0;9;44.85;58.3
﻿2026-07-18;Nogi;Standing Leg Curls;1;8;46.1;58.4
﻿2026-07-18;Nogi;Standing Leg Curls;2;7;47.35;58.4
﻿2026-07-18;Brzuch;Hanging Leg Raise;0;16;0.0;0.0
﻿2026-07-18;Brzuch;Hanging Leg Raise;1;16;0.0;0.0
﻿2026-07-18;Brzuch;Hanging Leg Raise;2;15;0.0;0.0
﻿2026-07-18;Brzuch;Cable Crunch - Wyciąg Kapelanka - Na Podwyższeniu 15cm;0;12;44.5;62.3
﻿2026-07-18;Brzuch;Cable Crunch - Wyciąg Kapelanka - Na Podwyższeniu 15cm;1;12;44.5;62.3
﻿2026-07-18;Brzuch;Cable Crunch - Wyciąg Kapelanka - Na Podwyższeniu 15cm;2;10;46.25;61.7
﻿2026-07-17;Barki;Overhead Press (Smith Machine);0;12;65.0;91.0
﻿2026-07-17;Barki;Overhead Press (Smith Machine);1;8;70.0;88.7
﻿2026-07-17;Barki;Overhead Press (Smith Machine);2;6;75.0;90.0
﻿2026-07-17;Barki;Overhead Press (Smith Machine);3;3;80.0;88.0
﻿2026-07-17;Barki;Lateral Raise (Dumbbell);0;12;15.0;21.0
﻿2026-07-17;Barki;Lateral Raise (Dumbbell);1;15;15.0;22.5
﻿2026-07-17;Barki;Single Arm Lateral Raise (Cable);0;9;10.0;13.0
﻿2026-07-17;Barki;Single Arm Lateral Raise (Cable);1;8;11.25;14.2
﻿2026-07-17;Barki;Face Pull;0;12;30.0;42.0
﻿2026-07-17;Barki;Face Pull;1;12;30.0;42.0
﻿2026-07-17;Barki;Face Pull;2;12;31.25;43.8
﻿2026-07-17;Barki;Face Pull;3;10;32.5;43.3
﻿2026-07-17;Biceps;Preacher Curl (Machine);0;7;53.75;66.3
﻿2026-07-17;Biceps;Preacher Curl (Machine);1;5;56.25;65.6
﻿2026-07-17;Biceps;Preacher Curl (Machine);2;8;42.5;53.8
﻿2026-07-17;Triceps;Skullcrusher (Barbell);0;8;51.5;65.2
﻿2026-07-17;Triceps;Skullcrusher (Barbell);1;5;54.0;63.0
﻿2026-07-17;Triceps;Skullcrusher (Barbell);2;10;41.5;55.3
﻿2026-07-17;Biceps;Seated Incline Curl (Dumbbell);0;5;20.0;23.3
﻿2026-07-17;Biceps;Seated Incline Curl (Dumbbell);1;5;20.0;23.3
﻿2026-07-17;Triceps;Triceps Pushdown V-Grip;0;10;42.5;56.7
﻿2026-07-17;Triceps;Triceps Pushdown V-Grip;1;8;43.75;55.4
﻿2026-07-17;Biceps;Hammer Curl (Cable);0;9;37.5;48.8
﻿2026-07-17;Biceps;Hammer Curl (Cable);1;8;38.75;49.1
﻿2026-07-17;Triceps;Single Arm Triceps Pushdown (Cable) (Catana);0;8;12.5;15.8
﻿2026-07-17;Triceps;Single Arm Triceps Pushdown (Cable) (Catana);1;7;13.75;17.0
﻿2026-07-16;Klatka;Feet Up Bench Press (Barbell);0;10;85.0;113.3
﻿2026-07-16;Klatka;Feet Up Bench Press (Barbell);1;9;87.5;113.8
﻿2026-07-16;Klatka;Feet Up Bench Press (Barbell);2;8;90.0;114.0
﻿2026-07-16;Plecy;Lat Pulldown - Close Grip (Cable);0;12;89.0;124.6
﻿2026-07-16;Plecy;Lat Pulldown - Close Grip (Cable);1;10;92.5;123.3
﻿2026-07-16;Plecy;Lat Pulldown - Close Grip (Cable);2;8;96.0;121.6
﻿2026-07-16;Plecy;Lat Pulldown - Close Grip (Cable);3;7;99.5;122.7
﻿2026-07-16;Klatka;Incline Chest Press (Machine);0;7;110.0;135.7
﻿2026-07-16;Klatka;Incline Chest Press (Machine);1;7;110.0;135.7
﻿2026-07-16;Klatka;Incline Chest Press (Machine);2;6;110.0;132.0
﻿2026-07-16;Klatka;Incline Chest Press (Machine);3;10;90.0;120.0
﻿2026-07-16;Plecy;Iso-Lateral High Row (Machine);0;12;125.0;175.0
﻿2026-07-16;Plecy;Iso-Lateral High Row (Machine);1;10;135.0;180.0
﻿2026-07-16;Plecy;Iso-Lateral High Row (Machine);2;8;142.5;180.5
﻿2026-07-16;Klatka;Butterfly (Pec Deck);0;11;110.0;150.3
﻿2026-07-16;Klatka;Butterfly (Pec Deck);1;9;112.5;146.2
﻿2026-07-16;Klatka;Butterfly (Pec Deck);2;7;115.0;141.8
﻿2026-07-16;Plecy;Pullover (Machine);0;12;97.5;136.5
﻿2026-07-16;Plecy;Pullover (Machine);1;11;102.5;140.1
﻿2026-07-16;Plecy;Pullover (Machine);2;10;107.5;143.3
﻿2026-07-15;Cardio;Treadmill;0;0;0.0;0.0
﻿2026-07-14;Rozgrzewka;Warm Up;0;0;0.0;0.0
﻿2026-07-14;Nogi;Front Squat;0;5;102.5;119.6
﻿2026-07-14;Nogi;Front Squat;1;4;107.5;121.8
﻿2026-07-14;Nogi;Front Squat;2;3;112.5;123.8
﻿2026-07-14;Nogi;Romanian Deadlift (Barbell);0;9;130.0;169.0
﻿2026-07-14;Nogi;Romanian Deadlift (Barbell);1;7;140.0;172.7
﻿2026-07-14;Nogi;Romanian Deadlift (Barbell);2;6;150.0;180.0
﻿2026-07-14;Nogi;Belt Squat (Machine);0;10;130.0;173.3
﻿2026-07-14;Nogi;Belt Squat (Machine);1;10;140.0;186.7
﻿2026-07-14;Nogi;Belt Squat (Machine);2;8;160.0;202.7
﻿2026-07-14;Nogi;Leg Extension (Machine);0;10;90.0;120.0
﻿2026-07-14;Nogi;Leg Extension (Machine);1;10;92.5;123.3
﻿2026-07-14;Nogi;Leg Extension (Machine);2;9;95.0;123.5
﻿2026-07-14;Nogi;Lying Leg Curl (Machine);0;10;55.0;73.3
﻿2026-07-14;Nogi;Lying Leg Curl (Machine);1;8;57.5;72.8
﻿2026-07-14;Nogi;Lying Leg Curl (Machine);2;7;57.5;70.9
﻿2026-07-14;Nogi;Hip Adduction (Machine);0;12;100.0;140.0
﻿2026-07-14;Nogi;Hip Adduction (Machine);1;11;100.0;136.7
﻿2026-07-14;Brzuch;Cable Crunch;0;13;52.5;75.2
﻿2026-07-14;Brzuch;Cable Crunch;1;11;53.75;73.5
﻿2026-07-14;Brzuch;Cable Crunch;2;10;53.75;71.7
﻿2026-07-14;Brzuch;Cable Core Pallof Press;0;9;23.75;30.9
﻿2026-07-14;Brzuch;Cable Core Pallof Press;1;8;25.0;31.7
﻿2026-07-13;Klatka;Bench Press (Barbell);0;9;97.5;126.8
﻿2026-07-13;Klatka;Bench Press (Barbell);1;6;100.0;120.0
﻿2026-07-13;Klatka;Bench Press (Barbell);2;5;102.5;119.6
﻿2026-07-13;Klatka;Bench Press (Barbell);3;4;105.0;119.0
﻿2026-07-13;Plecy;Pull Up;0;10;0.0;0.0
﻿2026-07-13;Plecy;Pull Up;1;9;0.0;0.0
﻿2026-07-13;Plecy;Pull Up;2;8;0.0;0.0
﻿2026-07-13;Plecy;Pull Up;3;7;0.0;0.0
﻿2026-07-13;Klatka;Incline Bench Press (Smith Machine);0;8;80.0;101.3
﻿2026-07-13;Klatka;Incline Bench Press (Smith Machine);1;6;82.5;99.0
﻿2026-07-13;Klatka;Incline Bench Press (Smith Machine);2;6;82.5;99.0
﻿2026-07-13;Plecy;T Bar Row;0;10;62.5;83.3
﻿2026-07-13;Plecy;T Bar Row;1;8;67.5;85.5
﻿2026-07-13;Plecy;T Bar Row;2;7;72.5;89.4
﻿2026-07-13;Klatka;Low Cable Fly Crossovers;0;12;16.25;22.8
﻿2026-07-13;Klatka;Low Cable Fly Crossovers;1;8;17.5;22.2
﻿2026-07-13;Klatka;Low Cable Fly Crossovers;2;8;17.5;22.2
﻿2026-07-13;Plecy;Single Arm Cable Row;0;12;47.5;66.5
﻿2026-07-13;Plecy;Single Arm Cable Row;1;11;50.0;68.3
﻿2026-07-13;Plecy;Single Arm Cable Row;2;9;52.5;68.2
﻿2026-07-13;Barki;Lateral Raise (Machine);0;10;60.0;80.0
﻿2026-07-13;Barki;Lateral Raise (Machine);1;8;62.5;79.2
﻿2026-07-13;Barki;Rear Delt Reverse Fly (Machine);0;12;22.5;31.5
﻿2026-07-13;Barki;Rear Delt Reverse Fly (Machine);1;7;25.0;30.8
﻿2026-07-13;Biceps;Bicep Curl (Cable);0;9;32.5;42.2
﻿2026-07-13;Biceps;Bicep Curl (Cable);1;8;33.75;42.8
﻿2026-07-13;Triceps;Triceps Rope Pushdown;0;10;32.5;43.3
﻿2026-07-13;Triceps;Triceps Rope Pushdown;1;8;33.75;42.8
﻿2026-07-11;Nogi;Pendulum Squat (Machine);0;9;111.7;145.2
﻿2026-07-11;Nogi;Pendulum Squat (Machine);1;6;116.7;140.0
﻿2026-07-11;Nogi;Pendulum Squat (Machine);2;6;116.7;140.0
﻿2026-07-11;Nogi;Single Leg Press (Machine);0;8;133.0;168.5
﻿2026-07-11;Nogi;Single Leg Press (Machine);1;8;143.0;181.1
﻿2026-07-11;Nogi;Single Leg Press (Machine);2;8;153.0;193.8
﻿2026-07-11;Nogi;Single Leg Extensions;0;8;38.05;48.2
﻿2026-07-11;Nogi;Single Leg Extensions;1;8;39.3;49.8
﻿2026-07-11;Nogi;Single Leg Extensions;2;7;40.55;50.0
﻿2026-07-11;Nogi;Standing Leg Curls;0;9;42.35;55.1
﻿2026-07-11;Nogi;Standing Leg Curls;1;8;44.85;56.8
﻿2026-07-11;Nogi;Standing Leg Curls;2;7;46.1;56.9
﻿2026-07-11;Brzuch;Hanging Leg Raise;0;15;0.0;0.0
﻿2026-07-11;Brzuch;Hanging Leg Raise;1;15;0.0;0.0
﻿2026-07-11;Brzuch;Hanging Leg Raise;2;15;0.0;0.0
﻿2026-07-11;Brzuch;Cable Crunch - Wyciąg Kapelanka - Na Podwyższeniu 15cm;0;12;44.5;62.3
﻿2026-07-11;Brzuch;Cable Crunch - Wyciąg Kapelanka - Na Podwyższeniu 15cm;1;12;44.5;62.3
﻿2026-07-11;Brzuch;Cable Crunch - Wyciąg Kapelanka - Na Podwyższeniu 15cm;2;11;44.5;60.8
﻿2026-07-10;Barki;Overhead Press (Smith Machine);0;11;65.0;88.8
﻿2026-07-10;Barki;Overhead Press (Smith Machine);1;9;70.0;91.0
﻿2026-07-10;Barki;Overhead Press (Smith Machine);2;6;75.0;90.0
﻿2026-07-10;Barki;Overhead Press (Smith Machine);3;3;80.0;88.0
﻿2026-07-10;Barki;Lateral Raise (Dumbbell);0;9;17.5;22.8
﻿2026-07-10;Barki;Lateral Raise (Dumbbell);1;9;17.5;22.8
﻿2026-07-10;Barki;Single Arm Lateral Raise (Cable);0;9;10.0;13.0
﻿2026-07-10;Barki;Single Arm Lateral Raise (Cable);1;7;11.25;13.9
﻿2026-07-10;Barki;Face Pull;0;12;28.75;40.2
﻿2026-07-10;Barki;Face Pull;1;12;28.75;40.2
﻿2026-07-10;Barki;Face Pull;2;12;30.0;42.0
﻿2026-07-10;Barki;Face Pull;3;10;31.25;41.7
﻿2026-07-10;Biceps;Preacher Curl (Machine);0;9;51.25;66.6
﻿2026-07-10;Biceps;Preacher Curl (Machine);1;6;53.75;64.5
﻿2026-07-10;Biceps;Preacher Curl (Machine);2;5;56.25;65.6
﻿2026-07-10;Triceps;Skullcrusher (Barbell);0;9;49.0;63.7
﻿2026-07-10;Triceps;Skullcrusher (Barbell);1;7;51.5;63.5
﻿2026-07-10;Triceps;Skullcrusher (Barbell);2;7;51.5;63.5
﻿2026-07-10;Biceps;Seated Incline Curl (Dumbbell);0;11;17.5;23.9
﻿2026-07-10;Biceps;Seated Incline Curl (Dumbbell);1;7;20.0;24.7
﻿2026-07-10;Triceps;Triceps Pushdown V-Grip;0;11;40.0;54.7
﻿2026-07-10;Triceps;Triceps Pushdown V-Grip;1;9;42.5;55.2
﻿2026-07-10;Biceps;Hammer Curl (Cable);0;9;37.5;48.8
﻿2026-07-10;Biceps;Hammer Curl (Cable);1;8;38.75;49.1
﻿2026-07-10;Triceps;Single Arm Triceps Pushdown (Cable) (Catana);0;8;12.5;15.8
﻿2026-07-10;Triceps;Single Arm Triceps Pushdown (Cable) (Catana);1;7;13.75;17.0
﻿2026-07-09;Klatka;Feet Up Bench Press (Barbell);0;10;82.5;110.0
﻿2026-07-09;Klatka;Feet Up Bench Press (Barbell);1;9;85.0;110.5
﻿2026-07-09;Klatka;Feet Up Bench Press (Barbell);2;8;87.5;110.8
﻿2026-07-09;Plecy;Lat Pulldown - Close Grip (Cable);0;11;89.0;121.6
﻿2026-07-09;Plecy;Lat Pulldown - Close Grip (Cable);1;9;92.5;120.2
﻿2026-07-09;Plecy;Lat Pulldown - Close Grip (Cable);2;7;96.0;118.4
﻿2026-07-09;Plecy;Lat Pulldown - Close Grip (Cable);3;6;99.5;119.4
﻿2026-07-09;Klatka;Incline Chest Press (Machine);0;11;105.0;143.5
﻿2026-07-09;Klatka;Incline Chest Press (Machine);1;9;110.0;143.0
﻿2026-07-09;Klatka;Incline Chest Press (Machine);2;8;115.0;145.7
﻿2026-07-09;Klatka;Incline Chest Press (Machine);3;6;120.0;144.0
﻿2026-07-09;Plecy;Iso-Lateral High Row (Machine);0;12;120.0;168.0
﻿2026-07-09;Plecy;Iso-Lateral High Row (Machine);1;10;130.0;173.3
﻿2026-07-09;Plecy;Iso-Lateral High Row (Machine);2;8;140.0;177.3
﻿2026-07-09;Klatka;Butterfly (Pec Deck);0;11;110.0;150.3
﻿2026-07-09;Klatka;Butterfly (Pec Deck);1;9;112.5;146.2
﻿2026-07-09;Klatka;Butterfly (Pec Deck);2;7;115.0;141.8
﻿2026-07-09;Plecy;Pullover (Machine);0;12;95.0;133.0
﻿2026-07-09;Plecy;Pullover (Machine);1;10;100.0;133.3
﻿2026-07-09;Plecy;Pullover (Machine);2;10;105.0;140.0
﻿2026-07-08;Cardio;Treadmill;0;0;0.0;0.0
﻿2026-07-07;Rozgrzewka;Warm Up;0;0;0.0;0.0
﻿2026-07-07;Nogi;Front Squat;0;5;102.5;119.6
﻿2026-07-07;Nogi;Front Squat;1;3;107.5;118.3
﻿2026-07-07;Nogi;Front Squat;2;2;110.0;117.3
﻿2026-07-07;Nogi;Romanian Deadlift (Barbell);0;8;130.0;164.7
﻿2026-07-07;Nogi;Romanian Deadlift (Barbell);1;6;140.0;168.0
﻿2026-07-07;Nogi;Romanian Deadlift (Barbell);2;5;150.0;175.0
﻿2026-07-07;Nogi;Belt Squat (Machine);0;10;120.0;160.0
﻿2026-07-07;Nogi;Belt Squat (Machine);1;8;130.0;164.7
﻿2026-07-07;Nogi;Belt Squat (Machine);2;8;140.0;177.3
﻿2026-07-07;Nogi;Leg Extension (Machine);0;10;87.5;116.7
﻿2026-07-07;Nogi;Leg Extension (Machine);1;9;90.0;117.0
﻿2026-07-07;Nogi;Leg Extension (Machine);2;10;92.5;123.3
﻿2026-07-07;Nogi;Lying Leg Curl (Machine);0;9;55.0;71.5
﻿2026-07-07;Nogi;Lying Leg Curl (Machine);1;7;57.5;70.9
﻿2026-07-07;Nogi;Lying Leg Curl (Machine);2;7;57.5;70.9
﻿2026-07-07;Nogi;Hip Adduction (Machine);0;11;100.0;136.7
﻿2026-07-07;Nogi;Hip Adduction (Machine);1;11;100.0;136.7
﻿2026-07-07;Brzuch;Cable Crunch;0;12;52.5;73.5
﻿2026-07-07;Brzuch;Cable Crunch;1;10;53.75;71.7
﻿2026-07-07;Brzuch;Cable Crunch;2;10;53.75;71.7
﻿2026-07-07;Brzuch;Cable Core Pallof Press;0;9;22.5;29.2
﻿2026-07-07;Brzuch;Cable Core Pallof Press;1;8;23.75;30.1
﻿2026-07-06;Klatka;Bench Press (Barbell);0;9;97.5;126.8
﻿2026-07-06;Klatka;Bench Press (Barbell);1;7;100.0;123.3
﻿2026-07-06;Klatka;Bench Press (Barbell);2;6;102.5;123.0
﻿2026-07-06;Klatka;Bench Press (Barbell);3;4;105.0;119.0
﻿2026-07-06;Plecy;Pull Up;0;10;0.0;0.0
﻿2026-07-06;Plecy;Pull Up;1;9;0.0;0.0
﻿2026-07-06;Plecy;Pull Up;2;8;0.0;0.0
﻿2026-07-06;Plecy;Pull Up;3;6;0.0;0.0
﻿2026-07-06;Klatka;Incline Bench Press (Smith Machine);0;6;80.0;96.0
﻿2026-07-06;Klatka;Incline Bench Press (Smith Machine);1;7;80.0;98.7
﻿2026-07-06;Klatka;Incline Bench Press (Smith Machine);2;6;82.5;99.0
﻿2026-07-06;Plecy;T Bar Row;0;10;61.25;81.7
﻿2026-07-06;Plecy;T Bar Row;1;8;66.25;83.9
﻿2026-07-06;Plecy;T Bar Row;2;7;71.25;87.9
﻿2026-07-06;Klatka;Low Cable Fly Crossovers;0;11;16.25;22.2
﻿2026-07-06;Klatka;Low Cable Fly Crossovers;1;8;17.5;22.2
﻿2026-07-06;Klatka;Low Cable Fly Crossovers;2;8;17.5;22.2
﻿2026-07-06;Plecy;Single Arm Cable Row;0;11;47.5;64.9
﻿2026-07-06;Plecy;Single Arm Cable Row;1;10;50.0;66.7
﻿2026-07-06;Plecy;Single Arm Cable Row;2;8;52.5;66.5
﻿2026-07-06;Barki;Lateral Raise (Machine);0;9;60.0;78.0
﻿2026-07-06;Barki;Lateral Raise (Machine);1;9;60.0;78.0
﻿2026-07-06;Barki;Rear Delt Reverse Fly (Machine);0;11;22.5;30.8
﻿2026-07-06;Barki;Rear Delt Reverse Fly (Machine);1;10;22.5;30.0
﻿2026-07-06;Biceps;Bicep Curl (Cable);0;8;32.5;41.2
﻿2026-07-06;Biceps;Bicep Curl (Cable);1;7;33.75;41.6
﻿2026-07-06;Triceps;Triceps Rope Pushdown;0;9;32.5;42.2
﻿2026-07-06;Triceps;Triceps Rope Pushdown;1;7;33.75;41.6
﻿2026-07-04;Nogi;Pendulum Squat (Machine);0;10;106.7;142.3
﻿2026-07-04;Nogi;Pendulum Squat (Machine);1;8;111.7;141.5
﻿2026-07-04;Nogi;Pendulum Squat (Machine);2;5;116.7;136.2
﻿2026-07-04;Nogi;Single Leg Press (Machine);0;8;128.0;162.1
﻿2026-07-04;Nogi;Single Leg Press (Machine);1;8;138.0;174.8
﻿2026-07-04;Nogi;Single Leg Press (Machine);2;8;148.0;187.5
﻿2026-07-04;Nogi;Single Leg Extensions;0;8;36.8;46.6
﻿2026-07-04;Nogi;Single Leg Extensions;1;7;38.05;46.9
﻿2026-07-04;Nogi;Single Leg Extensions;2;7;39.3;48.5
﻿2026-07-04;Nogi;Standing Leg Curls;0;10;39.85;53.1
﻿2026-07-04;Nogi;Standing Leg Curls;1;8;42.35;53.6
﻿2026-07-04;Nogi;Standing Leg Curls;2;7;44.85;55.3
﻿2026-07-04;Brzuch;Hanging Leg Raise;0;14;0.0;0.0
﻿2026-07-04;Brzuch;Hanging Leg Raise;1;14;0.0;0.0
﻿2026-07-04;Brzuch;Hanging Leg Raise;2;14;0.0;0.0
﻿2026-07-04;Brzuch;Cable Crunch - Wyciąg Kapelanka - Na Podwyższeniu 15cm;0;11;44.5;60.8
﻿2026-07-04;Brzuch;Cable Crunch - Wyciąg Kapelanka - Na Podwyższeniu 15cm;1;10;44.5;59.3
﻿2026-07-04;Brzuch;Cable Crunch - Wyciąg Kapelanka - Na Podwyższeniu 15cm;2;10;44.5;59.3
﻿2026-07-03;Barki;Overhead Press (Smith Machine);0;10;65.0;86.7
﻿2026-07-03;Barki;Overhead Press (Smith Machine);1;8;70.0;88.7
﻿2026-07-03;Barki;Overhead Press (Smith Machine);2;6;75.0;90.0
﻿2026-07-03;Barki;Overhead Press (Smith Machine);3;3;80.0;88.0
﻿2026-07-03;Barki;Lateral Raise (Dumbbell);0;9;17.5;22.8
﻿2026-07-03;Barki;Lateral Raise (Dumbbell);1;9;17.5;22.8
﻿2026-07-03;Barki;Single Arm Lateral Raise (Cable);0;9;10.0;13.0
﻿2026-07-03;Barki;Single Arm Lateral Raise (Cable);1;7;11.25;13.9
﻿2026-07-03;Barki;Face Pull;0;11;28.75;39.3
﻿2026-07-03;Barki;Face Pull;1;11;28.75;39.3
﻿2026-07-03;Barki;Face Pull;2;9;30.0;39.0
﻿2026-07-03;Barki;Face Pull;3;10;30.0;40.0
﻿2026-07-03;Biceps;Preacher Curl (Machine);0;8;51.25;64.9
﻿2026-07-03;Biceps;Preacher Curl (Machine);1;6;53.75;64.5
﻿2026-07-03;Biceps;Preacher Curl (Machine);2;5;56.25;65.6
﻿2026-07-03;Triceps;Skullcrusher (Barbell);0;9;49.0;63.7
﻿2026-07-03;Triceps;Skullcrusher (Barbell);1;7;51.5;63.5
﻿2026-07-03;Triceps;Skullcrusher (Barbell);2;6;51.5;61.8
﻿2026-07-03;Biceps;Seated Incline Curl (Dumbbell);0;10;17.5;23.3
﻿2026-07-03;Biceps;Seated Incline Curl (Dumbbell);1;6;20.0;24.0
﻿2026-07-03;Triceps;Triceps Pushdown V-Grip;0;10;40.0;53.3
﻿2026-07-03;Triceps;Triceps Pushdown V-Grip;1;8;42.5;53.8
﻿2026-07-03;Biceps;Hammer Curl (Cable);0;9;37.5;48.8
﻿2026-07-03;Biceps;Hammer Curl (Cable);1;7;38.75;47.8
﻿2026-07-03;Triceps;Single Arm Triceps Pushdown (Cable) (Catana);0;8;12.5;15.8
﻿2026-07-03;Triceps;Single Arm Triceps Pushdown (Cable) (Catana);1;7;13.75;17.0
﻿2026-07-02;Klatka;Feet Up Bench Press (Barbell);0;10;80.0;106.7
﻿2026-07-02;Klatka;Feet Up Bench Press (Barbell);1;8;82.5;104.5
﻿2026-07-02;Klatka;Feet Up Bench Press (Barbell);2;8;85.0;107.7
﻿2026-07-02;Plecy;Lat Pulldown - Close Grip (Cable);0;10;89.0;118.7
﻿2026-07-02;Plecy;Lat Pulldown - Close Grip (Cable);1;8;92.5;117.2
﻿2026-07-02;Plecy;Lat Pulldown - Close Grip (Cable);2;6;96.0;115.2
﻿2026-07-02;Plecy;Lat Pulldown - Close Grip (Cable);3;6;96.0;115.2
﻿2026-07-02;Klatka;Incline Chest Press (Machine);0;10;105.0;140.0
﻿2026-07-02;Klatka;Incline Chest Press (Machine);1;9;110.0;143.0
﻿2026-07-02;Klatka;Incline Chest Press (Machine);2;7;115.0;141.8
﻿2026-07-02;Klatka;Incline Chest Press (Machine);3;5;120.0;140.0
﻿2026-07-02;Plecy;Iso-Lateral High Row (Machine);0;12;105.0;147.0
﻿2026-07-02;Plecy;Iso-Lateral High Row (Machine);1;10;125.0;166.7
﻿2026-07-02;Plecy;Iso-Lateral High Row (Machine);2;8;135.0;171.0
﻿2026-07-02;Klatka;Butterfly (Pec Deck);0;10;110.0;146.7
﻿2026-07-02;Klatka;Butterfly (Pec Deck);1;8;112.5;142.5
﻿2026-07-02;Klatka;Butterfly (Pec Deck);2;7;112.5;138.8
﻿2026-07-02;Plecy;Pullover (Machine);0;12;92.5;129.5
﻿2026-07-02;Plecy;Pullover (Machine);1;11;97.5;133.2
﻿2026-07-02;Plecy;Pullover (Machine);2;9;102.5;133.2
﻿2026-07-01;Cardio;Treadmill;0;0;0.0;0.0
﻿2026-06-30;Rozgrzewka;Warm Up;0;0;0.0;0.0
﻿2026-06-30;Nogi;Front Squat;0;5;102.5;119.6
﻿2026-06-30;Nogi;Front Squat;1;4;107.5;121.8
﻿2026-06-30;Nogi;Front Squat;2;3;112.5;123.8
﻿2026-06-30;Nogi;Romanian Deadlift (Barbell);0;8;130.0;164.7
﻿2026-06-30;Nogi;Romanian Deadlift (Barbell);1;6;140.0;168.0
﻿2026-06-30;Nogi;Romanian Deadlift (Barbell);2;4;150.0;170.0
﻿2026-06-30;Nogi;Hack Squat (Machine);0;8;135.0;171.0
﻿2026-06-30;Nogi;Hack Squat (Machine);1;7;137.5;169.6
﻿2026-06-30;Nogi;Hack Squat (Machine);2;6;140.0;168.0
﻿2026-06-30;Nogi;Leg Extension (Machine);0;10;85.0;113.3
﻿2026-06-30;Nogi;Leg Extension (Machine);1;10;87.5;116.7
﻿2026-06-30;Nogi;Leg Extension (Machine);2;8;90.0;114.0
﻿2026-06-30;Nogi;Lying Leg Curl (Machine);0;10;52.5;70.0
﻿2026-06-30;Nogi;Lying Leg Curl (Machine);1;8;55.0;69.7
﻿2026-06-30;Nogi;Lying Leg Curl (Machine);2;6;57.5;69.0
﻿2026-06-30;Nogi;Hip Adduction (Machine);0;10;100.0;133.3
﻿2026-06-30;Nogi;Hip Adduction (Machine);1;10;100.0;133.3
﻿2026-06-30;Brzuch;Cable Crunch;0;12;51.25;71.8
﻿2026-06-30;Brzuch;Cable Crunch;1;11;52.5;71.8
﻿2026-06-30;Brzuch;Cable Crunch;2;9;53.75;69.9
﻿2026-06-30;Brzuch;Cable Core Pallof Press;0;9;21.25;27.6
﻿2026-06-30;Brzuch;Cable Core Pallof Press;1;8;22.5;28.5
﻿2026-06-29;Klatka;Bench Press (Barbell);0;8;97.5;123.5
﻿2026-06-29;Klatka;Bench Press (Barbell);1;7;100.0;123.3
﻿2026-06-29;Klatka;Bench Press (Barbell);2;6;102.5;123.0
﻿2026-06-29;Klatka;Bench Press (Barbell);3;5;102.5;119.6
﻿2026-06-29;Plecy;Pull Up;0;9;0.0;0.0
﻿2026-06-29;Plecy;Pull Up;1;8;0.0;0.0
﻿2026-06-29;Plecy;Pull Up;2;7;0.0;0.0
﻿2026-06-29;Plecy;Pull Up;3;7;0.0;0.0
﻿2026-06-29;Klatka;Incline Bench Press (Smith Machine);0;6;80.0;96.0
﻿2026-06-29;Klatka;Incline Bench Press (Smith Machine);1;6;80.0;96.0
﻿2026-06-29;Klatka;Incline Bench Press (Smith Machine);2;6;80.0;96.0
﻿2026-06-29;Plecy;T Bar Row;0;10;60.0;80.0
﻿2026-06-29;Plecy;T Bar Row;1;8;65.0;82.3
﻿2026-06-29;Plecy;T Bar Row;2;6;70.0;84.0
﻿2026-06-29;Klatka;Low Cable Fly Crossovers;0;10;16.25;21.7
﻿2026-06-29;Klatka;Low Cable Fly Crossovers;1;7;17.5;21.6
﻿2026-06-29;Klatka;Low Cable Fly Crossovers;2;7;17.5;21.6
﻿2026-06-29;Plecy;Single Arm Cable Row;0;10;47.5;63.3
﻿2026-06-29;Plecy;Single Arm Cable Row;1;9;50.0;65.0
﻿2026-06-29;Plecy;Single Arm Cable Row;2;8;51.25;64.9
﻿2026-06-29;Barki;Lateral Raise (Machine);0;9;60.0;78.0
﻿2026-06-29;Barki;Lateral Raise (Machine);1;8;60.0;76.0
﻿2026-06-29;Barki;Rear Delt Reverse Fly (Machine);0;11;22.5;30.8
﻿2026-06-29;Barki;Rear Delt Reverse Fly (Machine);1;10;22.5;30.0
﻿2026-06-29;Biceps;Bicep Curl (Cable);0;8;32.5;41.2
﻿2026-06-29;Biceps;Bicep Curl (Cable);1;8;32.5;41.2
﻿2026-06-29;Triceps;Triceps Pushdown (Chwyt Podwójny);0;8;32.5;41.2
﻿2026-06-29;Triceps;Triceps Pushdown (Chwyt Podwójny);1;10;32.5;43.3
﻿2026-06-27;Nogi;Pendulum Squat (Machine);0;6;111.7;134.0
﻿2026-06-27;Nogi;Pendulum Squat (Machine);1;4;116.7;132.3
﻿2026-06-27;Nogi;Single Leg Press (Machine);0;6;143.0;171.6
﻿2026-06-27;Nogi;Single Leg Press (Machine);1;6;143.0;171.6
﻿2026-06-27;Nogi;Single Leg Extensions;0;5;38.05;44.4
﻿2026-06-27;Nogi;Single Leg Extensions;1;4;39.3;44.5
﻿2026-06-27;Nogi;Standing Leg Curls;0;6;42.35;50.8
﻿2026-06-27;Nogi;Standing Leg Curls;1;4;44.85;50.8
﻿2026-06-27;Brzuch;Hanging Leg Raise;0;10;0.0;0.0
﻿2026-06-27;Brzuch;Hanging Leg Raise;1;12;0.0;0.0
﻿2026-06-27;Brzuch;Cable Crunch - Wyciąg Kapelanka - Na Podwyższeniu 15cm;0;9;44.5;57.9
﻿2026-06-27;Brzuch;Cable Crunch - Wyciąg Kapelanka - Na Podwyższeniu 15cm;1;9;44.5;57.9
﻿2026-06-26;Barki;Overhead Press (Smith Machine);0;6;70.0;84.0
﻿2026-06-26;Barki;Overhead Press (Smith Machine);1;4;75.0;85.0
﻿2026-06-26;Barki;Lateral Raise (Dumbbell);0;6;17.5;21.0
﻿2026-06-26;Barki;Single Arm Lateral Raise (Cable);0;7;10.0;12.3
﻿2026-06-26;Barki;Face Pull;0;8;28.75;36.4
﻿2026-06-26;Barki;Face Pull;1;8;28.75;36.4
﻿2026-06-26;Biceps;Preacher Curl (Machine);0;6;51.25;61.5
﻿2026-06-26;Biceps;Preacher Curl (Machine);1;4;53.75;60.9
﻿2026-06-26;Triceps;Skullcrusher (Barbell);0;6;49.0;58.8
﻿2026-06-26;Triceps;Skullcrusher (Barbell);1;4;51.5;58.4
﻿2026-06-26;Biceps;Seated Incline Curl (Dumbbell);0;8;17.5;22.2
﻿2026-06-26;Biceps;Seated Incline Curl (Dumbbell);1;4;20.0;22.7
﻿2026-06-26;Triceps;Triceps Rope Pushdown;0;6;32.2;38.6
﻿2026-06-26;Triceps;Triceps Rope Pushdown;1;6;32.5;39.0
﻿2026-06-26;Biceps;Hammer Curl (Cable);0;7;37.5;46.2
﻿2026-06-26;Triceps;Single Arm Triceps Pushdown (Cable);0;6;15.0;18.0
﻿2026-06-25;Klatka;Bench Press (Barbell) Hipertrofia;0;7;95.0;117.2
﻿2026-06-25;Klatka;Bench Press (Barbell) Hipertrofia;1;6;97.5;117.0
﻿2026-06-25;Plecy;Lat Pulldown (Cable);0;6;96.0;115.2
﻿2026-06-25;Plecy;Lat Pulldown (Cable);1;5;99.5;116.1
﻿2026-06-25;Klatka;Incline Chest Press (Machine);0;6;115.0;138.0
﻿2026-06-25;Klatka;Incline Chest Press (Machine);1;4;120.0;136.0
﻿2026-06-25;Plecy;Iso-Lateral High Row (Machine);0;8;130.0;164.7
﻿2026-06-25;Plecy;Iso-Lateral High Row (Machine);1;8;130.0;164.7
﻿2026-06-25;Klatka;Butterfly (Pec Deck);0;7;110.0;135.7
﻿2026-06-25;Klatka;Butterfly (Pec Deck);1;5;112.5;131.2
﻿2026-06-25;Plecy;Pullover (Machine);0;9;95.0;123.5
﻿2026-06-25;Plecy;Pullover (Machine);1;8;100.0;126.7
﻿2026-06-24;Cardio;Treadmill;0;0;0.0;0.0
﻿2026-06-23;Rozgrzewka;Warm Up;0;0;0.0;0.0
﻿2026-06-23;Nogi;Front Squat;0;3;105.0;115.5
﻿2026-06-23;Nogi;Front Squat;1;2;110.0;117.3
﻿2026-06-23;Nogi;Romanian Deadlift (Barbell);0;4;140.0;158.7
﻿2026-06-23;Nogi;Romanian Deadlift (Barbell);1;3;150.0;165.0
﻿2026-06-23;Nogi;Hack Squat (Machine);0;5;137.5;160.4
﻿2026-06-23;Nogi;Hack Squat (Machine);1;3;142.5;156.8
﻿2026-06-23;Nogi;Leg Extension (Machine);0;8;85.0;107.7
﻿2026-06-23;Nogi;Leg Extension (Machine);1;8;87.5;110.8
﻿2026-06-23;Nogi;Lying Leg Curl (Machine);0;6;55.0;66.0
﻿2026-06-23;Nogi;Lying Leg Curl (Machine);1;6;55.0;66.0
﻿2026-06-23;Nogi;Hip Adduction (Machine);0;8;100.0;126.7
﻿2026-06-23;Brzuch;Cable Crunch;0;10;51.25;68.3
﻿2026-06-23;Brzuch;Cable Crunch;1;8;52.5;66.5
﻿2026-06-23;Brzuch;Cable Core Pallof Press;0;6;21.25;25.5
﻿2026-06-22;Klatka;Bench Press (Barbell);0;6;100.0;120.0
﻿2026-06-22;Klatka;Bench Press (Barbell);1;4;102.5;116.2
﻿2026-06-22;Plecy;Pull Up;0;7;0.0;0.0
﻿2026-06-22;Plecy;Pull Up;1;6;0.0;0.0
﻿2026-06-22;Klatka;Incline Bench Press (Smith Machine);0;6;80.0;96.0
﻿2026-06-22;Klatka;Incline Bench Press (Smith Machine);1;5;82.5;96.2
﻿2026-06-22;Plecy;Dumbbell Row;0;10;55.0;73.3
﻿2026-06-22;Plecy;Dumbbell Row;1;10;55.0;73.3
﻿2026-06-22;Klatka;Low Cable Fly Crossovers;0;8;16.25;20.6
﻿2026-06-22;Klatka;Low Cable Fly Crossovers;1;6;17.5;21.0
﻿2026-06-22;Plecy;Single Arm Cable Row;0;7;50.0;61.7
﻿2026-06-22;Plecy;Single Arm Cable Row;1;6;51.25;61.5
﻿2026-06-22;Biceps;Bicep Curl (Cable);0;6;33.75;40.5
﻿2026-06-22;Biceps;Bicep Curl (Cable);1;6;33.75;40.5
﻿2026-06-22;Triceps;Triceps Rope Pushdown;0;6;32.5;39.0
﻿2026-06-22;Triceps;Triceps Rope Pushdown;1;6;32.5;39.0
﻿2026-06-22;Barki;Lateral Raise (Machine);0;7;60.0;74.0
﻿2026-06-22;Barki;Rear Delt Reverse Fly (Machine);0;9;22.5;29.2
﻿2026-06-20;Nogi;Pendulum Squat (Machine);0;10;106.7;142.3
﻿2026-06-20;Nogi;Pendulum Squat (Machine);1;8;111.7;141.5
﻿2026-06-20;Nogi;Pendulum Squat (Machine);2;5;116.7;136.2
﻿2026-06-20;Nogi;Single Leg Press (Machine);0;8;123.0;155.8
﻿2026-06-20;Nogi;Single Leg Press (Machine);1;8;133.0;168.5
﻿2026-06-20;Nogi;Single Leg Press (Machine);2;8;143.0;181.1
﻿2026-06-20;Nogi;Single Leg Extensions;0;8;36.8;46.6
﻿2026-06-20;Nogi;Single Leg Extensions;1;7;38.05;46.9
﻿2026-06-20;Nogi;Single Leg Extensions;2;6;39.3;47.2
﻿2026-06-20;Nogi;Standing Leg Curls;0;10;39.85;53.1
﻿2026-06-20;Nogi;Standing Leg Curls;1;8;42.35;53.6
﻿2026-06-20;Nogi;Standing Leg Curls;2;6;44.85;53.8
﻿2026-06-20;Brzuch;Hanging Leg Raise;0;13;0.0;0.0
﻿2026-06-20;Brzuch;Hanging Leg Raise;1;13;0.0;0.0
﻿2026-06-20;Brzuch;Hanging Leg Raise;2;14;0.0;0.0
﻿2026-06-20;Brzuch;Cable Crunch - Wyciąg Kapelanka - Na Podwyższeniu 15cm;0;12;42.75;59.8
﻿2026-06-20;Brzuch;Cable Crunch - Wyciąg Kapelanka - Na Podwyższeniu 15cm;1;11;44.5;60.8
﻿2026-06-20;Brzuch;Cable Crunch - Wyciąg Kapelanka - Na Podwyższeniu 15cm;2;11;44.5;60.8
﻿2026-06-19;Barki;Overhead Press (Smith Machine);0;11;62.5;85.4
﻿2026-06-19;Barki;Overhead Press (Smith Machine);1;9;67.5;87.8
﻿2026-06-19;Barki;Overhead Press (Smith Machine);2;6;72.5;87.0
﻿2026-06-19;Barki;Overhead Press (Smith Machine);3;4;77.5;87.8
﻿2026-06-19;Barki;Lateral Raise (Dumbbell);0;14;15.0;22.0
﻿2026-06-19;Barki;Lateral Raise (Dumbbell);1;9;17.5;22.8
﻿2026-06-19;Barki;Single Arm Lateral Raise (Cable);0;9;10.0;13.0
﻿2026-06-19;Barki;Single Arm Lateral Raise (Cable);1;6;11.25;13.5
﻿2026-06-19;Barki;Face Pull;0;12;27.5;38.5
﻿2026-06-19;Barki;Face Pull;1;12;27.5;38.5
﻿2026-06-19;Barki;Face Pull;2;10;28.75;38.3
﻿2026-06-19;Barki;Face Pull;3;10;28.75;38.3
﻿2026-06-19;Biceps;Preacher Curl (Machine);0;8;51.25;64.9
﻿2026-06-19;Biceps;Preacher Curl (Machine);1;6;53.75;64.5
﻿2026-06-19;Biceps;Preacher Curl (Machine);2;5;56.25;65.6
﻿2026-06-19;Triceps;Skullcrusher (Barbell);0;8;49.0;62.1
﻿2026-06-19;Triceps;Skullcrusher (Barbell);1;6;51.5;61.8
﻿2026-06-19;Triceps;Skullcrusher (Barbell);2;6;51.5;61.8
﻿2026-06-19;Biceps;Seated Incline Curl (Dumbbell);0;10;17.5;23.3
﻿2026-06-19;Biceps;Seated Incline Curl (Dumbbell);1;6;20.0;24.0
﻿2026-06-19;Biceps;Seated Incline Curl (Dumbbell);2;5;20.0;23.3
﻿2026-06-19;Triceps;Triceps Rope Pushdown;0;10;30.0;40.0
﻿2026-06-19;Triceps;Triceps Rope Pushdown;1;8;32.5;41.2
﻿2026-06-19;Triceps;Triceps Rope Pushdown;2;6;35.0;42.0
﻿2026-06-19;Biceps;Hammer Curl (Cable);0;9;37.5;48.8
﻿2026-06-19;Triceps;Single Arm Triceps Pushdown (Cable);0;8;15.0;19.0
﻿2026-06-18;Klatka;Bench Press (Barbell) Hipertrofia;0;11;92.5;126.4
﻿2026-06-18;Klatka;Bench Press (Barbell) Hipertrofia;1;9;95.0;123.5
﻿2026-06-18;Klatka;Bench Press (Barbell) Hipertrofia;2;8;97.5;123.5
﻿2026-06-18;Plecy;Lat Pulldown (Cable);0;12;89.0;124.6
﻿2026-06-18;Plecy;Lat Pulldown (Cable);1;10;92.5;123.3
﻿2026-06-18;Plecy;Lat Pulldown (Cable);2;8;96.0;121.6
﻿2026-06-18;Plecy;Lat Pulldown (Cable);3;7;99.5;122.7
﻿2026-06-18;Klatka;Incline Chest Press (Machine);0;10;105.0;140.0
﻿2026-06-18;Klatka;Incline Chest Press (Machine);1;9;110.0;143.0
﻿2026-06-18;Klatka;Incline Chest Press (Machine);2;7;115.0;141.8
﻿2026-06-18;Klatka;Incline Chest Press (Machine);3;5;120.0;140.0
﻿2026-06-18;Plecy;Iso-Lateral High Row (Machine);0;10;110.0;146.7
﻿2026-06-18;Plecy;Iso-Lateral High Row (Machine);1;10;120.0;160.0
﻿2026-06-18;Plecy;Iso-Lateral High Row (Machine);2;10;130.0;173.3
﻿2026-06-18;Klatka;Butterfly (Pec Deck);0;11;108.0;147.6
﻿2026-06-18;Klatka;Butterfly (Pec Deck);1;9;110.0;143.0
﻿2026-06-18;Klatka;Butterfly (Pec Deck);2;7;112.5;138.8
﻿2026-06-18;Plecy;Pullover (Machine);0;12;90.0;126.0
﻿2026-06-18;Plecy;Pullover (Machine);1;11;95.0;129.8
﻿2026-06-18;Plecy;Pullover (Machine);2;10;100.0;133.3
﻿2026-06-17;Cardio;Treadmill;0;0;0.0;0.0
﻿2026-06-16;Rozgrzewka;Warm Up;0;0;0.0;0.0
﻿2026-06-16;Nogi;Front Squat;0;5;102.5;119.6
﻿2026-06-16;Nogi;Front Squat;1;4;107.5;121.8
﻿2026-06-16;Nogi;Front Squat;2;3;112.5;123.8
﻿2026-06-16;Nogi;Romanian Deadlift (Barbell);0;9;127.5;165.8
﻿2026-06-16;Nogi;Romanian Deadlift (Barbell);1;7;137.5;169.6
﻿2026-06-16;Nogi;Romanian Deadlift (Barbell);2;4;150.0;170.0
﻿2026-06-16;Nogi;Hack Squat (Machine);0;8;130.0;164.7
﻿2026-06-16;Nogi;Hack Squat (Machine);1;7;137.5;169.6
﻿2026-06-16;Nogi;Hack Squat (Machine);2;5;142.5;166.2
﻿2026-06-16;Nogi;Leg Extension (Machine);0;11;82.5;112.8
﻿2026-06-16;Nogi;Leg Extension (Machine);1;10;85.0;113.3
﻿2026-06-16;Nogi;Leg Extension (Machine);2;10;87.5;116.7
﻿2026-06-16;Nogi;Lying Leg Curl (Machine);0;10;52.5;70.0
﻿2026-06-16;Nogi;Lying Leg Curl (Machine);1;8;55.0;69.7
﻿2026-06-16;Nogi;Lying Leg Curl (Machine);2;8;55.0;69.7
﻿2026-06-16;Nogi;Hip Adduction (Machine);0;10;100.0;133.3
﻿2026-06-16;Nogi;Hip Adduction (Machine);1;10;100.0;133.3
﻿2026-06-16;Brzuch;Cable Crunch;0;13;50.0;71.7
﻿2026-06-16;Brzuch;Cable Crunch;1;12;51.25;71.8
﻿2026-06-16;Brzuch;Cable Crunch;2;10;52.5;70.0
﻿2026-06-16;Brzuch;Cable Core Pallof Press;0;9;20.0;26.0
﻿2026-06-16;Brzuch;Cable Core Pallof Press;1;8;21.25;26.9
﻿2026-06-15;Klatka;Bench Press (Barbell);0;7;100.0;123.3
﻿2026-06-15;Klatka;Bench Press (Barbell);1;8;100.0;126.7
﻿2026-06-15;Klatka;Bench Press (Barbell);2;5;102.5;119.6
﻿2026-06-15;Klatka;Bench Press (Barbell);3;5;102.5;119.6
﻿2026-06-15;Plecy;Pull Up;0;9;0.0;0.0
﻿2026-06-15;Plecy;Pull Up;1;8;0.0;0.0
﻿2026-06-15;Plecy;Pull Up;2;8;0.0;0.0
﻿2026-06-15;Plecy;Pull Up;3;8;0.0;0.0
﻿2026-06-15;Klatka;Incline Bench Press (Smith Machine);0;11;75.0;102.5
﻿2026-06-15;Klatka;Incline Bench Press (Smith Machine);1;7;80.0;98.7
﻿2026-06-15;Klatka;Incline Bench Press (Smith Machine);2;6;82.5;99.0
﻿2026-06-15;Plecy;Dumbbell Row;0;10;55.0;73.3
﻿2026-06-15;Plecy;Dumbbell Row;1;11;55.0;75.2
﻿2026-06-15;Plecy;Dumbbell Row;2;12;55.0;77.0
﻿2026-06-15;Klatka;Low Cable Fly Crossovers;0;10;16.25;21.7
﻿2026-06-15;Klatka;Low Cable Fly Crossovers;1;10;16.25;21.7
﻿2026-06-15;Klatka;Low Cable Fly Crossovers;2;7;17.5;21.6
﻿2026-06-15;Plecy;Single Arm Cable Row;0;10;47.5;63.3
﻿2026-06-15;Plecy;Single Arm Cable Row;1;9;50.0;65.0
﻿2026-06-15;Plecy;Single Arm Cable Row;2;8;51.25;64.9
﻿2026-06-15;Biceps;Bicep Curl (Cable);0;9;32.5;42.2
﻿2026-06-15;Biceps;Bicep Curl (Cable);1;8;33.75;42.8
﻿2026-06-15;Triceps;Triceps Rope Pushdown;0;8;32.5;41.2
﻿2026-06-15;Triceps;Triceps Rope Pushdown;1;7;33.75;41.6
﻿2026-06-15;Barki;Lateral Raise (Machine);0;9;60.0;78.0
﻿2026-06-15;Barki;Lateral Raise (Machine);1;9;60.0;78.0
﻿2026-06-15;Barki;Rear Delt Reverse Fly (Machine);0;11;22.5;30.8
﻿2026-06-15;Barki;Rear Delt Reverse Fly (Machine);1;11;22.5;30.8
﻿2026-06-13;Nogi;Pendulum Squat (Machine);0;10;104.2;138.9
﻿2026-06-13;Nogi;Pendulum Squat (Machine);1;8;109.2;138.3
﻿2026-06-13;Nogi;Pendulum Squat (Machine);2;6;114.2;137.0
﻿2026-06-13;Nogi;Single Leg Press (Machine);0;8;118.0;149.5
﻿2026-06-13;Nogi;Single Leg Press (Machine);1;8;128.0;162.1
﻿2026-06-13;Nogi;Single Leg Press (Machine);2;8;138.0;174.8
﻿2026-06-13;Nogi;Single Leg Extensions;0;8;35.55;45.0
﻿2026-06-13;Nogi;Single Leg Extensions;1;7;36.8;45.4
﻿2026-06-13;Nogi;Single Leg Extensions;2;6;38.05;45.7
﻿2026-06-13;Nogi;Standing Leg Curls;0;10;38.6;51.5
﻿2026-06-13;Nogi;Standing Leg Curls;1;8;41.1;52.1
﻿2026-06-13;Nogi;Standing Leg Curls;2;6;43.6;52.3
﻿2026-06-13;Brzuch;Hanging Leg Raise;0;13;0.0;0.0
﻿2026-06-13;Brzuch;Hanging Leg Raise;1;13;0.0;0.0
﻿2026-06-13;Brzuch;Hanging Leg Raise;2;12;0.0;0.0
﻿2026-06-13;Brzuch;Cable Crunch - Wyciąg Kapelanka - Na Podwyższeniu 15cm;0;11;42.75;58.4
﻿2026-06-13;Brzuch;Cable Crunch - Wyciąg Kapelanka - Na Podwyższeniu 15cm;1;11;42.75;58.4
﻿2026-06-13;Brzuch;Cable Crunch - Wyciąg Kapelanka - Na Podwyższeniu 15cm;2;10;44.5;59.3
﻿2026-06-12;Barki;Overhead Press (Smith Machine);0;10;62.5;83.3
﻿2026-06-12;Barki;Overhead Press (Smith Machine);1;8;67.5;85.5
﻿2026-06-12;Barki;Overhead Press (Smith Machine);2;6;72.5;87.0
﻿2026-06-12;Barki;Overhead Press (Smith Machine);3;3;77.5;85.2
﻿2026-06-12;Barki;Lateral Raise (Dumbbell);0;13;15.0;21.5
﻿2026-06-12;Barki;Lateral Raise (Dumbbell);1;8;17.5;22.2
﻿2026-06-12;Barki;Single Arm Lateral Raise (Cable);0;8;10.0;12.7
﻿2026-06-12;Barki;Single Arm Lateral Raise (Cable);1;8;10.0;12.7
﻿2026-06-12;Barki;Face Pull;0;12;26.25;36.8
﻿2026-06-12;Barki;Face Pull;1;12;26.25;36.8
﻿2026-06-12;Barki;Face Pull;2;11;27.5;37.6
﻿2026-06-12;Barki;Face Pull;3;11;27.5;37.6
﻿2026-06-12;Biceps;Preacher Curl (Machine);0;8;51.25;64.9
﻿2026-06-12;Biceps;Preacher Curl (Machine);1;6;53.75;64.5
﻿2026-06-12;Biceps;Preacher Curl (Machine);2;4;56.25;63.8
﻿2026-06-12;Triceps;Skullcrusher (Barbell);0;8;49.0;62.1
﻿2026-06-12;Triceps;Skullcrusher (Barbell);1;8;49.0;62.1
﻿2026-06-12;Triceps;Skullcrusher (Barbell);2;5;51.5;60.1
﻿2026-06-12;Biceps;Seated Incline Curl (Dumbbell);0;10;17.5;23.3
﻿2026-06-12;Biceps;Seated Incline Curl (Dumbbell);1;8;17.5;22.2
﻿2026-06-12;Biceps;Seated Incline Curl (Dumbbell);2;5;20.0;23.3
﻿2026-06-12;Triceps;Triceps Pushdown;0;9;46.25;60.1
﻿2026-06-12;Triceps;Triceps Pushdown;1;7;47.5;58.6
﻿2026-06-12;Triceps;Triceps Pushdown;2;5;48.75;56.9
﻿2026-06-12;Biceps;Hammer Curl (Cable);0;9;37.5;48.8
﻿2026-06-12;Triceps;Single Arm Triceps Pushdown (Cable);0;8;15.0;19.0
﻿2026-06-11;Klatka;Bench Press (Barbell) Hipertrofia;0;11;92.5;126.4
﻿2026-06-11;Klatka;Bench Press (Barbell) Hipertrofia;1;9;95.0;123.5
﻿2026-06-11;Klatka;Bench Press (Barbell) Hipertrofia;2;9;95.0;123.5
﻿2026-06-11;Plecy;Lat Pulldown (Cable);0;11;89.0;121.6
﻿2026-06-11;Plecy;Lat Pulldown (Cable);1;9;92.5;120.2
﻿2026-06-11;Plecy;Lat Pulldown (Cable);2;9;92.5;120.2
﻿2026-06-11;Plecy;Lat Pulldown (Cable);3;8;96.0;121.6
﻿2026-06-11;Klatka;Incline Chest Press (Machine);0;10;102.5;136.7
﻿2026-06-11;Klatka;Incline Chest Press (Machine);1;9;107.5;139.8
﻿2026-06-11;Klatka;Incline Chest Press (Machine);2;7;112.5;138.8
﻿2026-06-11;Klatka;Incline Chest Press (Machine);3;6;117.5;141.0
﻿2026-06-11;Plecy;Iso-Lateral High Row (Machine);0;10;105.0;140.0
﻿2026-06-11;Plecy;Iso-Lateral High Row (Machine);1;10;115.0;153.3
﻿2026-06-11;Plecy;Iso-Lateral High Row (Machine);2;10;125.0;166.7
﻿2026-06-11;Klatka;Butterfly (Pec Deck);0;11;105.5;144.2
﻿2026-06-11;Klatka;Butterfly (Pec Deck);1;9;108.0;140.4
﻿2026-06-11;Klatka;Butterfly (Pec Deck);2;9;110.0;143.0
﻿2026-06-11;Plecy;Pullover (Machine);0;12;87.5;122.5
﻿2026-06-11;Plecy;Pullover (Machine);1;11;92.5;126.4
﻿2026-06-11;Plecy;Pullover (Machine);2;9;100.0;130.0
﻿2026-06-10;Cardio;Treadmill;0;0;0.0;0.0
﻿2026-06-09;Rozgrzewka;Warm Up;0;0;0.0;0.0
﻿2026-06-09;Nogi;Front Squat;0;6;102.5;123.0
﻿2026-06-09;Nogi;Front Squat;1;4;107.5;121.8
﻿2026-06-09;Nogi;Front Squat;2;3;112.5;123.8
﻿2026-06-09;Nogi;Romanian Deadlift (Barbell);0;9;125.0;162.5
﻿2026-06-09;Nogi;Romanian Deadlift (Barbell);1;7;137.5;169.6
﻿2026-06-09;Nogi;Romanian Deadlift (Barbell);2;5;147.5;172.1
﻿2026-06-09;Nogi;Hack Squat (Machine);0;8;135.0;171.0
﻿2026-06-09;Nogi;Hack Squat (Machine);1;7;137.5;169.6
﻿2026-06-09;Nogi;Hack Squat (Machine);2;6;140.0;168.0
﻿2026-06-09;Nogi;Leg Extension (Machine);0;11;80.0;109.3
﻿2026-06-09;Nogi;Leg Extension (Machine);1;10;82.5;110.0
﻿2026-06-09;Nogi;Leg Extension (Machine);2;10;85.0;113.3
﻿2026-06-09;Nogi;Lying Leg Curl (Machine);0;11;50.0;68.3
﻿2026-06-09;Nogi;Lying Leg Curl (Machine);1;9;52.5;68.2
﻿2026-06-09;Nogi;Lying Leg Curl (Machine);2;8;55.0;69.7
﻿2026-06-09;Nogi;Hip Adduction (Machine);0;11;95.0;129.8
﻿2026-06-09;Nogi;Hip Adduction (Machine);1;9;100.0;130.0
﻿2026-06-09;Brzuch;Cable Crunch;0;12;50.0;70.0
﻿2026-06-09;Brzuch;Cable Crunch;1;11;51.25;70.0
﻿2026-06-09;Brzuch;Cable Crunch;2;10;52.5;70.0
﻿2026-06-09;Brzuch;Cable Core Pallof Press;0;8;20.0;25.3
﻿2026-06-09;Brzuch;Cable Core Pallof Press;1;9;20.0;26.0
﻿2026-06-08;Klatka;Bench Press (Barbell);0;8;100.0;126.7
﻿2026-06-08;Klatka;Bench Press (Barbell);1;6;102.5;123.0
﻿2026-06-08;Klatka;Bench Press (Barbell);2;5;102.5;119.6
﻿2026-06-08;Klatka;Bench Press (Barbell);3;5;102.5;119.6
﻿2026-06-08;Plecy;Pull Up;0;9;0.0;0.0
﻿2026-06-08;Plecy;Pull Up;1;8;0.0;0.0
﻿2026-06-08;Plecy;Pull Up;2;8;0.0;0.0
﻿2026-06-08;Plecy;Pull Up;3;7;0.0;0.0
﻿2026-06-08;Klatka;Incline Bench Press (Smith Machine);0;10;75.0;100.0
﻿2026-06-08;Klatka;Incline Bench Press (Smith Machine);1;6;80.0;96.0
﻿2026-06-08;Klatka;Incline Bench Press (Smith Machine);2;7;80.0;98.7
﻿2026-06-08;Plecy;Dumbbell Row;0;8;55.0;69.7
﻿2026-06-08;Plecy;Dumbbell Row;1;9;55.0;71.5
﻿2026-06-08;Plecy;Dumbbell Row;2;10;55.0;73.3
﻿2026-06-08;Klatka;Low Cable Fly Crossovers;0;12;15.0;21.0
﻿2026-06-08;Klatka;Low Cable Fly Crossovers;1;9;16.25;21.1
﻿2026-06-08;Klatka;Low Cable Fly Crossovers;2;9;16.25;21.1
﻿2026-06-08;Plecy;Single Arm Cable Row;0;10;46.25;61.7
﻿2026-06-08;Plecy;Single Arm Cable Row;1;9;48.75;63.4
﻿2026-06-08;Plecy;Single Arm Cable Row;2;8;51.25;64.9
﻿2026-06-08;Biceps;Bicep Curl (Cable);0;8;32.5;41.2
﻿2026-06-08;Biceps;Bicep Curl (Cable);1;8;32.5;41.2
﻿2026-06-08;Triceps;Triceps Rope Pushdown;0;8;32.5;41.2
﻿2026-06-08;Triceps;Triceps Rope Pushdown;1;8;32.5;41.2
﻿2026-06-08;Barki;Lateral Raise (Machine);0;9;60.0;78.0
﻿2026-06-08;Barki;Lateral Raise (Machine);1;8;60.0;76.0
﻿2026-06-08;Barki;Rear Delt Reverse Fly (Machine);0;11;22.5;30.8
﻿2026-06-08;Barki;Rear Delt Reverse Fly (Machine);1;10;22.5;30.0
﻿2026-06-05;Barki;Overhead Press (Smith Machine);0;10;60.0;80.0
﻿2026-06-05;Barki;Overhead Press (Smith Machine);1;8;65.0;82.3
﻿2026-06-05;Barki;Overhead Press (Smith Machine);2;7;70.0;86.3
﻿2026-06-05;Barki;Overhead Press (Smith Machine);3;5;75.0;87.5
﻿2026-06-05;Barki;Lateral Raise (Dumbbell);0;12;15.0;21.0
﻿2026-06-05;Barki;Lateral Raise (Dumbbell);1;12;15.0;21.0
﻿2026-06-05;Barki;Single Arm Lateral Raise (Cable);0;12;8.75;12.2
﻿2026-06-05;Barki;Single Arm Lateral Raise (Cable);1;7;10.0;12.3
﻿2026-06-05;Barki;Face Pull;0;13;25.0;35.8
﻿2026-06-05;Barki;Face Pull;1;11;26.25;35.9
﻿2026-06-05;Barki;Face Pull;2;12;26.25;36.8
﻿2026-06-05;Barki;Face Pull;3;10;27.5;36.7
﻿2026-06-05;Biceps;Preacher Curl (Machine);0;9;50.0;65.0
﻿2026-06-05;Biceps;Preacher Curl (Machine);1;7;52.5;64.8
﻿2026-06-05;Biceps;Preacher Curl (Machine);2;5;55.0;64.2
﻿2026-06-05;Triceps;Skullcrusher (Barbell);0;8;49.0;62.1
﻿2026-06-05;Triceps;Skullcrusher (Barbell);1;8;49.0;62.1
﻿2026-06-05;Triceps;Skullcrusher (Barbell);2;6;51.5;61.8
﻿2026-06-05;Biceps;Seated Incline Curl (Dumbbell);0;9;17.5;22.8
﻿2026-06-05;Biceps;Seated Incline Curl (Dumbbell);1;7;17.5;21.6
﻿2026-06-05;Biceps;Seated Incline Curl (Dumbbell);2;7;17.5;21.6
﻿2026-06-05;Triceps;Triceps Pushdown;0;10;45.0;60.0
﻿2026-06-05;Triceps;Triceps Pushdown;1;9;46.25;60.1
﻿2026-06-05;Triceps;Triceps Pushdown;2;8;47.5;60.2
﻿2026-06-05;Biceps;Hammer Curl (Cable);0;8;37.5;47.5
﻿2026-06-05;Triceps;Single Arm Triceps Pushdown (Cable);0;7;15.0;18.5
﻿2026-06-04;Klatka;Bench Press (Barbell) Hipertrofia;0;12;90.0;126.0
﻿2026-06-04;Klatka;Bench Press (Barbell) Hipertrofia;1;10;92.5;123.3
﻿2026-06-04;Klatka;Bench Press (Barbell) Hipertrofia;2;10;92.5;123.3
﻿2026-06-04;Plecy;Lat Pulldown (Cable);0;11;85.5;116.9
﻿2026-06-04;Plecy;Lat Pulldown (Cable);1;10;89.0;118.7
﻿2026-06-04;Plecy;Lat Pulldown (Cable);2;8;92.5;117.2
﻿2026-06-04;Plecy;Lat Pulldown (Cable);3;8;92.5;117.2
﻿2026-06-04;Klatka;Incline Chest Press (Machine);0;10;100.0;133.3
﻿2026-06-04;Klatka;Incline Chest Press (Machine);1;9;105.0;136.5
﻿2026-06-04;Klatka;Incline Chest Press (Machine);2;8;110.0;139.3
﻿2026-06-04;Klatka;Incline Chest Press (Machine);3;6;115.0;138.0
﻿2026-06-04;Plecy;Iso-Lateral High Row (Machine);0;10;100.0;133.3
﻿2026-06-04;Plecy;Iso-Lateral High Row (Machine);1;10;110.0;146.7
﻿2026-06-04;Plecy;Iso-Lateral High Row (Machine);2;10;120.0;160.0
﻿2026-06-04;Klatka;Butterfly (Pec Deck);0;12;101.0;141.4
﻿2026-06-04;Klatka;Butterfly (Pec Deck);1;10;105.5;140.7
﻿2026-06-04;Klatka;Butterfly (Pec Deck);2;8;108.0;136.8
﻿2026-06-04;Plecy;Pullover (Machine);0;13;85.0;121.8
﻿2026-06-04;Plecy;Pullover (Machine);1;11;90.0;123.0
﻿2026-06-04;Plecy;Pullover (Machine);2;10;95.0;126.7
﻿2026-06-03;Cardio;Treadmill;0;0;0.0;0.0
﻿2026-06-02;Rozgrzewka;Warm Up;0;0;0.0;0.0
﻿2026-06-02;Nogi;Front Squat;0;5;100.0;116.7
﻿2026-06-02;Nogi;Front Squat;1;4;105.0;119.0
﻿2026-06-02;Nogi;Front Squat;2;3;110.0;121.0
﻿2026-06-02;Nogi;Romanian Deadlift (Barbell);0;8;125.0;158.3
﻿2026-06-02;Nogi;Romanian Deadlift (Barbell);1;8;135.0;171.0
﻿2026-06-02;Nogi;Romanian Deadlift (Barbell);2;6;145.0;174.0
﻿2026-06-02;Nogi;Hack Squat (Machine);0;7;135.0;166.5
﻿2026-06-02;Nogi;Hack Squat (Machine);1;8;135.0;171.0
﻿2026-06-02;Nogi;Hack Squat (Machine);2;6;137.5;165.0
﻿2026-06-02;Nogi;Leg Extension (Machine);0;10;77.5;103.3
﻿2026-06-02;Nogi;Leg Extension (Machine);1;10;80.0;106.7
﻿2026-06-02;Nogi;Leg Extension (Machine);2;10;82.5;110.0
﻿2026-06-02;Nogi;Lying Leg Curl (Machine);0;11;47.5;64.9
﻿2026-06-02;Nogi;Lying Leg Curl (Machine);1;10;50.0;66.7
﻿2026-06-02;Nogi;Lying Leg Curl (Machine);2;8;52.5;66.5
﻿2026-06-02;Nogi;Hip Adduction (Machine);0;10;95.0;126.7
﻿2026-06-02;Nogi;Hip Adduction (Machine);1;9;100.0;130.0
﻿2026-06-02;Brzuch;Cable Crunch;0;11;50.0;68.3
﻿2026-06-02;Brzuch;Cable Crunch;1;10;51.25;68.3
﻿2026-06-02;Brzuch;Cable Crunch;2;9;52.5;68.2
﻿2026-06-02;Brzuch;Cable Core Pallof Press;0;9;18.75;24.4
﻿2026-06-02;Brzuch;Cable Core Pallof Press;1;8;20.0;25.3
﻿2026-06-01;Klatka;Bench Press (Barbell);0;8;97.5;123.5
﻿2026-06-01;Klatka;Bench Press (Barbell);1;7;100.0;123.3
﻿2026-06-01;Klatka;Bench Press (Barbell);2;6;102.5;123.0
﻿2026-06-01;Klatka;Bench Press (Barbell);3;5;102.5;119.6
﻿2026-06-01;Plecy;Pull Up;0;8;0.0;0.0
﻿2026-06-01;Plecy;Pull Up;1;7;0.0;0.0
﻿2026-06-01;Plecy;Pull Up;2;7;0.0;0.0
﻿2026-06-01;Plecy;Pull Up;3;6;0.0;0.0
﻿2026-06-01;Klatka;Incline Bench Press (Smith Machine);0;12;70.0;98.0
﻿2026-06-01;Klatka;Incline Bench Press (Smith Machine);1;6;80.0;96.0
﻿2026-06-01;Klatka;Incline Bench Press (Smith Machine);2;5;80.0;93.3
﻿2026-06-01;Plecy;Dumbbell Row;0;12;50.0;70.0
﻿2026-06-01;Plecy;Dumbbell Row;1;12;50.0;70.0
﻿2026-06-01;Plecy;Dumbbell Row;2;13;50.0;71.7
﻿2026-06-01;Klatka;Low Cable Fly Crossovers;0;11;15.0;20.5
﻿2026-06-01;Klatka;Low Cable Fly Crossovers;1;10;15.0;20.0
﻿2026-06-01;Klatka;Low Cable Fly Crossovers;2;10;15.0;20.0
﻿2026-06-01;Plecy;Single Arm Cable Row;0;10;45.0;60.0
﻿2026-06-01;Plecy;Single Arm Cable Row;1;9;47.5;61.8
﻿2026-06-01;Plecy;Single Arm Cable Row;2;8;50.0;63.3
﻿2026-06-01;Biceps;Bicep Curl (Cable);0;9;31.25;40.6
﻿2026-06-01;Biceps;Bicep Curl (Cable);1;9;31.25;40.6
﻿2026-06-01;Triceps;Triceps Rope Pushdown;0;9;31.25;40.6
﻿2026-06-01;Triceps;Triceps Rope Pushdown;1;9;31.25;40.6
﻿2026-06-01;Barki;Lateral Raise (Machine);0;10;57.5;76.7
﻿2026-06-01;Barki;Lateral Raise (Machine);1;8;60.0;76.0
﻿2026-06-01;Barki;Rear Delt Reverse Fly (Machine);0;13;20.0;28.7
﻿2026-06-01;Barki;Rear Delt Reverse Fly (Machine);1;10;22.5;30.0
﻿2026-05-30;Nogi;Pendulum Squat (Machine);0;10;101.7;135.6
﻿2026-05-30;Nogi;Pendulum Squat (Machine);1;8;106.7;135.2
﻿2026-05-30;Nogi;Pendulum Squat (Machine);2;6;111.7;134.0
﻿2026-05-30;Nogi;Single Leg Press (Machine);0;8;113.0;143.1
﻿2026-05-30;Nogi;Single Leg Press (Machine);1;8;123.0;155.8
﻿2026-05-30;Nogi;Single Leg Press (Machine);2;8;133.0;168.5
﻿2026-05-30;Nogi;Single Leg Extensions;0;8;33.05;41.9
﻿2026-05-30;Nogi;Single Leg Extensions;1;7;35.55;43.8
﻿2026-05-30;Nogi;Single Leg Extensions;2;6;36.8;44.2
﻿2026-05-30;Nogi;Standing Leg Curls;0;10;36.1;48.1
﻿2026-05-30;Nogi;Standing Leg Curls;1;8;38.6;48.9
﻿2026-05-30;Nogi;Standing Leg Curls;2;6;41.1;49.3
﻿2026-05-30;Brzuch;Hanging Leg Raise;0;12;0.0;0.0
﻿2026-05-30;Brzuch;Hanging Leg Raise;1;12;0.0;0.0
﻿2026-05-30;Brzuch;Hanging Leg Raise;2;12;0.0;0.0
﻿2026-05-30;Brzuch;Cable Crunch - Wyciąg Kapelanka - Na Podwyższeniu 15cm;0;10;42.75;57.0
﻿2026-05-30;Brzuch;Cable Crunch - Wyciąg Kapelanka - Na Podwyższeniu 15cm;1;10;42.75;57.0
﻿2026-05-30;Brzuch;Cable Crunch - Wyciąg Kapelanka - Na Podwyższeniu 15cm;2;10;42.75;57.0
﻿2026-05-29;Barki;Shoulder Press (Machine Plates);0;12;110.0;154.0
﻿2026-05-29;Barki;Shoulder Press (Machine Plates);1;9;120.0;156.0
﻿2026-05-29;Barki;Shoulder Press (Machine Plates);2;5;130.0;151.7
﻿2026-05-29;Barki;Shoulder Press (Machine Plates);3;12;100.0;140.0
﻿2026-05-29;Barki;Lateral Raise (Dumbbell);0;10;15.0;20.0
﻿2026-05-29;Barki;Lateral Raise (Dumbbell);1;11;15.0;20.5
﻿2026-05-29;Barki;Single Arm Lateral Raise (Cable);0;11;8.75;12.0
﻿2026-05-29;Barki;Single Arm Lateral Raise (Cable);1;6;10.0;12.0
﻿2026-05-29;Barki;Face Pull;0;13;22.5;32.2
﻿2026-05-29;Barki;Face Pull;1;12;25.0;35.0
﻿2026-05-29;Barki;Face Pull;2;12;25.0;35.0
﻿2026-05-29;Barki;Face Pull;3;10;26.25;35.0
﻿2026-05-29;Biceps;Preacher Curl (Machine);0;8;50.0;63.3
﻿2026-05-29;Biceps;Preacher Curl (Machine);1;7;52.5;64.8
﻿2026-05-29;Biceps;Preacher Curl (Machine);2;5;55.0;64.2
﻿2026-05-29;Triceps;Skullcrusher (Barbell);0;4;49.0;55.5
﻿2026-05-29;Triceps;Skullcrusher (Barbell);1;10;39.0;52.0
﻿2026-05-29;Triceps;Skullcrusher (Barbell);2;10;39.0;52.0
﻿2026-05-29;Biceps;Seated Incline Curl (Dumbbell);0;12;15.0;21.0
﻿2026-05-29;Biceps;Seated Incline Curl (Dumbbell);1;7;17.5;21.6
﻿2026-05-29;Biceps;Seated Incline Curl (Dumbbell);2;7;17.5;21.6
﻿2026-05-29;Triceps;Triceps Pushdown;0;11;40.0;54.7
﻿2026-05-29;Triceps;Triceps Pushdown;1;11;42.5;58.1
﻿2026-05-29;Triceps;Triceps Pushdown;2;9;45.0;58.5
﻿2026-05-29;Biceps;Hammer Curl (Cable);0;9;35.0;45.5
﻿2026-05-29;Triceps;Single Arm Triceps Pushdown (Cable);0;9;13.75;17.9
﻿2026-05-28;Klatka;Bench Press (Barbell) Hipertrofia;0;12;90.0;126.0
﻿2026-05-28;Klatka;Bench Press (Barbell) Hipertrofia;1;9;92.5;120.2
﻿2026-05-28;Klatka;Bench Press (Barbell) Hipertrofia;2;11;87.5;119.6
﻿2026-05-28;Plecy;Lat Pulldown (Cable);0;10;85.5;114.0
﻿2026-05-28;Plecy;Lat Pulldown (Cable);1;10;89.0;118.7
﻿2026-05-28;Plecy;Lat Pulldown (Cable);2;8;92.5;117.2
﻿2026-05-28;Plecy;Lat Pulldown (Cable);3;7;92.5;114.1
﻿2026-05-28;Klatka;Incline Chest Press (Machine);0;10;100.0;133.3
﻿2026-05-28;Klatka;Incline Chest Press (Machine);1;7;105.0;129.5
﻿2026-05-28;Klatka;Incline Chest Press (Machine);2;9;90.0;117.0
﻿2026-05-28;Klatka;Incline Chest Press (Machine);3;10;80.0;106.7
﻿2026-05-28;Plecy;Iso-Lateral High Row (Machine);0;10;95.0;126.7
﻿2026-05-28;Plecy;Iso-Lateral High Row (Machine);1;10;105.0;140.0
﻿2026-05-28;Plecy;Iso-Lateral High Row (Machine);2;10;115.0;153.3
﻿2026-05-28;Klatka;Butterfly (Pec Deck);0;12;94.0;131.6
﻿2026-05-28;Klatka;Butterfly (Pec Deck);1;11;101.0;138.0
﻿2026-05-28;Klatka;Butterfly (Pec Deck);2;10;105.5;140.7
﻿2026-05-28;Plecy;Pullover (Machine);0;13;80.0;114.7
﻿2026-05-28;Plecy;Pullover (Machine);1;12;87.5;122.5
﻿2026-05-28;Plecy;Pullover (Machine);2;10;92.5;123.3
﻿2026-05-27;Cardio;Treadmill;0;0;0.0;0.0
﻿2026-05-26;Rozgrzewka;Warm Up;0;0;0.0;0.0
﻿2026-05-26;Nogi;Squat (Barbell);0;4;140.0;158.7
﻿2026-05-26;Nogi;Squat (Barbell);1;5;140.0;163.3
﻿2026-05-26;Nogi;Squat (Barbell);2;5;140.0;163.3
﻿2026-05-26;Nogi;Squat (Barbell);3;8;120.0;152.0
﻿2026-05-26;Nogi;Romanian Deadlift (Barbell);0;8;125.0;158.3
﻿2026-05-26;Nogi;Romanian Deadlift (Barbell);1;8;135.0;171.0
﻿2026-05-26;Nogi;Romanian Deadlift (Barbell);2;6;145.0;174.0
﻿2026-05-26;Nogi;Hack Squat (Machine);0;7;135.0;166.5
﻿2026-05-26;Nogi;Hack Squat (Machine);1;7;135.0;166.5
﻿2026-05-26;Nogi;Leg Extension (Machine);0;10;75.0;100.0
﻿2026-05-26;Nogi;Leg Extension (Machine);1;10;77.5;103.3
﻿2026-05-26;Nogi;Leg Extension (Machine);2;10;80.0;106.7
﻿2026-05-26;Nogi;Lying Leg Curl (Machine);0;11;47.5;64.9
﻿2026-05-26;Nogi;Lying Leg Curl (Machine);1;9;50.0;65.0
﻿2026-05-26;Nogi;Lying Leg Curl (Machine);2;8;50.0;63.3
﻿2026-05-26;Nogi;Hip Adduction (Machine);0;12;90.0;126.0
﻿2026-05-26;Nogi;Hip Adduction (Machine);1;8;100.0;126.7
﻿2026-05-26;Brzuch;Cable Crunch;0;12;48.75;68.2
﻿2026-05-26;Brzuch;Cable Crunch;1;10;50.0;66.7
﻿2026-05-26;Brzuch;Cable Crunch;2;8;51.25;64.9
﻿2026-05-26;Brzuch;Cable Core Pallof Press;0;8;17.5;22.2
﻿2026-05-26;Brzuch;Cable Core Pallof Press;1;8;18.75;23.8
﻿2026-05-25;Klatka;Bench Press (Barbell);0;8;97.5;123.5
﻿2026-05-25;Klatka;Bench Press (Barbell);1;7;100.0;123.3
﻿2026-05-25;Klatka;Bench Press (Barbell);2;6;100.0;120.0
﻿2026-05-25;Klatka;Bench Press (Barbell);3;6;100.0;120.0
﻿2026-05-25;Plecy;Pull Up;0;8;0.0;0.0
﻿2026-05-25;Plecy;Pull Up;1;7;0.0;0.0
﻿2026-05-25;Plecy;Pull Up;2;6;0.0;0.0
﻿2026-05-25;Plecy;Pull Up;3;6;0.0;0.0
﻿2026-05-25;Klatka;Incline Bench Press (Dumbbell);0;7;45.0;55.5
﻿2026-05-25;Klatka;Incline Bench Press (Dumbbell);1;6;45.0;54.0
﻿2026-05-25;Klatka;Incline Bench Press (Dumbbell);2;6;45.0;54.0
﻿2026-05-25;Plecy;Dumbbell Row;0;10;50.0;66.7
﻿2026-05-25;Plecy;Dumbbell Row;1;11;50.0;68.3
﻿2026-05-25;Plecy;Dumbbell Row;2;12;50.0;70.0
﻿2026-05-25;Klatka;Low Cable Fly Crossovers;0;13;13.75;19.7
﻿2026-05-25;Klatka;Low Cable Fly Crossovers;1;10;15.0;20.0
﻿2026-05-25;Klatka;Low Cable Fly Crossovers;2;10;15.0;20.0
﻿2026-05-25;Plecy;Single Arm Cable Row;0;10;43.75;58.3
﻿2026-05-25;Plecy;Single Arm Cable Row;1;9;46.25;60.1
﻿2026-05-25;Plecy;Single Arm Cable Row;2;8;48.75;61.8
﻿2026-05-25;Biceps;Bicep Curl (Cable);0;10;30.0;40.0
﻿2026-05-25;Biceps;Bicep Curl (Cable);1;8;31.25;39.6
﻿2026-05-25;Triceps;Triceps Rope Pushdown;0;10;30.0;40.0
﻿2026-05-25;Triceps;Triceps Rope Pushdown;1;8;31.25;39.6
﻿2026-05-25;Barki;Lateral Raise (Machine);0;10;55.0;73.3
﻿2026-05-25;Barki;Lateral Raise (Machine);1;9;57.5;74.8
﻿2026-05-25;Barki;Rear Delt Reverse Fly (Machine);0;12;20.0;28.0
﻿2026-05-25;Barki;Rear Delt Reverse Fly (Machine);1;10;22.5;30.0
﻿2026-05-23;Nogi;Pendulum Squat (Machine);0;9;101.7;132.2
﻿2026-05-23;Nogi;Pendulum Squat (Machine);1;9;104.2;135.5
﻿2026-05-23;Nogi;Pendulum Squat (Machine);2;8;106.7;135.2
﻿2026-05-23;Nogi;Single Leg Press (Machine);0;8;108.0;136.8
﻿2026-05-23;Nogi;Single Leg Press (Machine);1;8;118.0;149.5
﻿2026-05-23;Nogi;Single Leg Press (Machine);2;7;128.0;157.9
﻿2026-05-23;Nogi;Single Leg Extensions;0;10;28.05;37.4
﻿2026-05-23;Nogi;Single Leg Extensions;1;8;33.05;41.9
﻿2026-05-23;Nogi;Single Leg Extensions;2;7;35.55;43.8
﻿2026-05-23;Nogi;Standing Leg Curls;0;11;33.6;45.9
﻿2026-05-23;Nogi;Standing Leg Curls;1;9;36.1;46.9
﻿2026-05-23;Nogi;Standing Leg Curls;2;7;38.6;47.6
﻿2026-05-23;Brzuch;Hanging Leg Raise;0;12;0.0;0.0
﻿2026-05-23;Brzuch;Hanging Leg Raise;1;12;0.0;0.0
﻿2026-05-23;Brzuch;Hanging Leg Raise;2;12;0.0;0.0
﻿2026-05-23;Brzuch;Cable Crunch - Wyciąg Kapelanka - Na Podwyższeniu 15cm;0;10;41.0;54.7
﻿2026-05-23;Brzuch;Cable Crunch - Wyciąg Kapelanka - Na Podwyższeniu 15cm;1;11;41.0;56.0
﻿2026-05-23;Brzuch;Cable Crunch - Wyciąg Kapelanka - Na Podwyższeniu 15cm;2;10;42.75;57.0
﻿2026-05-22;Rozgrzewka;Warm Up;0;0;0.0;0.0
﻿2026-05-22;Barki;Shoulder Press (Machine Plates);0;10;120.0;160.0
﻿2026-05-22;Barki;Shoulder Press (Machine Plates);1;7;130.0;160.3
﻿2026-05-22;Barki;Shoulder Press (Machine Plates);2;6;132.5;159.0
﻿2026-05-22;Barki;Shoulder Press (Machine Plates);3;6;132.5;159.0
﻿2026-05-22;Barki;Lateral Raise (Dumbbell);0;15;12.5;18.8
﻿2026-05-22;Barki;Lateral Raise (Dumbbell);1;10;15.0;20.0
﻿2026-05-22;Barki;Single Arm Lateral Raise (Cable);0;10;7.5;10.0
﻿2026-05-22;Barki;Single Arm Lateral Raise (Cable);1;10;8.75;11.7
﻿2026-05-22;Barki;Face Pull;0;12;22.5;31.5
﻿2026-05-22;Barki;Face Pull;1;10;25.0;33.3
﻿2026-05-22;Barki;Face Pull;2;11;25.0;34.2
﻿2026-05-22;Barki;Face Pull;3;12;25.0;35.0
﻿2026-05-22;Biceps;Preacher Curl (Machine);0;8;50.0;63.3
﻿2026-05-22;Biceps;Preacher Curl (Machine);1;7;52.5;64.8
﻿2026-05-22;Biceps;Preacher Curl (Machine);2;5;55.0;64.2
﻿2026-05-22;Triceps;Skullcrusher (Barbell);0;8;49.0;62.1
﻿2026-05-22;Triceps;Skullcrusher (Barbell);1;8;49.0;62.1
﻿2026-05-22;Triceps;Skullcrusher (Barbell);2;6;51.5;61.8
﻿2026-05-22;Biceps;Seated Incline Curl (Dumbbell);0;12;15.0;21.0
﻿2026-05-22;Biceps;Seated Incline Curl (Dumbbell);1;7;17.5;21.6
﻿2026-05-22;Biceps;Seated Incline Curl (Dumbbell);2;6;17.5;21.0
﻿2026-05-22;Triceps;Triceps Pushdown;0;11;40.0;54.7
﻿2026-05-22;Triceps;Triceps Pushdown;1;10;42.5;56.7
﻿2026-05-22;Triceps;Triceps Pushdown;2;8;45.0;57.0
﻿2026-05-22;Biceps;Hammer Curl (Cable);0;9;33.75;43.9
﻿2026-05-22;Triceps;Single Arm Triceps Pushdown (Cable);0;10;12.5;16.7
﻿2026-05-21;Klatka;Bench Press (Barbell) Hipertrofia;0;12;90.0;126.0
﻿2026-05-21;Klatka;Bench Press (Barbell) Hipertrofia;1;10;92.5;123.3
﻿2026-05-21;Klatka;Bench Press (Barbell) Hipertrofia;2;9;92.5;120.2
﻿2026-05-21;Plecy;Lat Pulldown (Cable);0;10;85.5;114.0
﻿2026-05-21;Plecy;Lat Pulldown (Cable);1;10;89.0;118.7
﻿2026-05-21;Plecy;Lat Pulldown (Cable);2;8;92.5;117.2
﻿2026-05-21;Plecy;Lat Pulldown (Cable);3;7;92.5;114.1
﻿2026-05-21;Klatka;Incline Chest Press (Machine);0;10;100.0;133.3
﻿2026-05-21;Klatka;Incline Chest Press (Machine);1;8;105.0;133.0
﻿2026-05-21;Klatka;Incline Chest Press (Machine);2;8;110.0;139.3
﻿2026-05-21;Klatka;Incline Chest Press (Machine);3;6;115.0;138.0
﻿2026-05-21;Plecy;Iso-Lateral High Row (Machine);0;10;92.5;123.3
﻿2026-05-21;Plecy;Iso-Lateral High Row (Machine);1;10;102.5;136.7
﻿2026-05-21;Plecy;Iso-Lateral High Row (Machine);2;10;112.5;150.0
﻿2026-05-21;Klatka;Butterfly (Pec Deck);0;12;91.5;128.1
﻿2026-05-21;Klatka;Butterfly (Pec Deck);1;10;98.5;131.3
﻿2026-05-21;Klatka;Butterfly (Pec Deck);2;9;103.0;133.9
﻿2026-05-21;Plecy;Pullover (Machine);0;12;80.0;112.0
﻿2026-05-21;Plecy;Pullover (Machine);1;10;87.5;116.7
﻿2026-05-21;Plecy;Pullover (Machine);2;9;92.5;120.2
﻿2026-05-20;Cardio;Treadmill;0;0;0.0;0.0
﻿2026-05-19;Rozgrzewka;Warm Up;0;0;0.0;0.0
﻿2026-05-19;Nogi;Squat (Barbell);0;6;140.0;168.0
﻿2026-05-19;Nogi;Squat (Barbell);1;5;142.5;166.2
﻿2026-05-19;Nogi;Squat (Barbell);2;5;142.5;166.2
﻿2026-05-19;Nogi;Romanian Deadlift (Barbell);0;8;125.0;158.3
﻿2026-05-19;Nogi;Romanian Deadlift (Barbell);1;8;135.0;171.0
﻿2026-05-19;Nogi;Romanian Deadlift (Barbell);2;6;145.0;174.0
﻿2026-05-19;Nogi;Hack Squat (Machine);0;8;132.5;167.8
﻿2026-05-19;Nogi;Hack Squat (Machine);1;6;135.0;162.0
﻿2026-05-19;Nogi;Hack Squat (Machine);2;6;135.0;162.0
﻿2026-05-19;Nogi;Leg Extension (Machine);0;11;72.5;99.1
﻿2026-05-19;Nogi;Leg Extension (Machine);1;10;75.0;100.0
﻿2026-05-19;Nogi;Leg Extension (Machine);2;10;75.0;100.0
﻿2026-05-19;Nogi;Lying Leg Curl (Machine);0;10;47.5;63.3
﻿2026-05-19;Nogi;Lying Leg Curl (Machine);1;8;50.0;63.3
﻿2026-05-19;Nogi;Lying Leg Curl (Machine);2;7;50.0;61.7
﻿2026-05-19;Nogi;Hip Adduction (Machine);0;11;90.0;123.0
﻿2026-05-19;Nogi;Hip Adduction (Machine);1;8;100.0;126.7
﻿2026-05-19;Brzuch;Cable Crunch;0;12;47.5;66.5
﻿2026-05-19;Brzuch;Cable Crunch;1;11;48.75;66.6
﻿2026-05-19;Brzuch;Cable Crunch;2;9;51.25;66.6
﻿2026-05-19;Brzuch;Cable Core Pallof Press;0;7;17.5;21.6
﻿2026-05-19;Brzuch;Cable Core Pallof Press;1;7;18.75;23.1
﻿2026-05-18;Klatka;Bench Press (Barbell);0;8;95.0;120.3
﻿2026-05-18;Klatka;Bench Press (Barbell);1;7;97.5;120.2
﻿2026-05-18;Klatka;Bench Press (Barbell);2;6;100.0;120.0
﻿2026-05-18;Klatka;Bench Press (Barbell);3;6;100.0;120.0
﻿2026-05-18;Plecy;Pull Up;0;6;0.0;0.0
﻿2026-05-18;Plecy;Pull Up;1;6;0.0;0.0
﻿2026-05-18;Plecy;Pull Up;2;6;0.0;0.0
﻿2026-05-18;Plecy;Pull Up;3;6;0.0;0.0
﻿2026-05-18;Klatka;Incline Bench Press (Dumbbell);0;7;45.0;55.5
﻿2026-05-18;Klatka;Incline Bench Press (Dumbbell);1;6;45.0;54.0
﻿2026-05-18;Klatka;Incline Bench Press (Dumbbell);2;6;45.0;54.0
﻿2026-05-18;Plecy;Dumbbell Row;0;10;47.5;63.3
﻿2026-05-18;Plecy;Dumbbell Row;1;11;47.5;64.9
﻿2026-05-18;Plecy;Dumbbell Row;2;12;47.5;66.5
﻿2026-05-18;Klatka;Low Cable Fly Crossovers;0;12;12.5;17.5
﻿2026-05-18;Klatka;Low Cable Fly Crossovers;1;12;13.75;19.2
﻿2026-05-18;Klatka;Low Cable Fly Crossovers;2;9;15.0;19.5
﻿2026-05-18;Plecy;Single Arm Cable Row;0;10;42.5;56.7
﻿2026-05-18;Plecy;Single Arm Cable Row;1;9;45.0;58.5
﻿2026-05-18;Plecy;Single Arm Cable Row;2;8;47.5;60.2
﻿2026-05-18;Biceps;Bicep Curl (Cable);0;11;28.75;39.3
﻿2026-05-18;Biceps;Bicep Curl (Cable);1;9;30.0;39.0
﻿2026-05-18;Triceps;Triceps Rope Pushdown;0;10;26.25;35.0
﻿2026-05-18;Triceps;Triceps Rope Pushdown;1;10;28.75;38.3
﻿2026-05-18;Barki;Lateral Raise (Machine);0;10;55.0;73.3
﻿2026-05-18;Barki;Lateral Raise (Machine);1;9;57.5;74.8
﻿2026-05-18;Barki;Rear Delt Reverse Fly (Machine);0;12;20.0;28.0
﻿2026-05-18;Barki;Rear Delt Reverse Fly (Machine);1;10;22.5;30.0
﻿2026-05-16;Nogi;Pendulum Squat (Machine);0;8;99.2;125.7
﻿2026-05-16;Nogi;Pendulum Squat (Machine);1;8;101.7;128.8
﻿2026-05-16;Nogi;Pendulum Squat (Machine);2;8;104.2;132.0
﻿2026-05-16;Nogi;Single Leg Press (Machine);0;8;103.0;130.5
﻿2026-05-16;Nogi;Single Leg Press (Machine);1;8;113.0;143.1
﻿2026-05-16;Nogi;Single Leg Press (Machine);2;7;123.0;151.7
﻿2026-05-16;Nogi;Single Leg Extensions;0;10;23.05;30.7
﻿2026-05-16;Nogi;Single Leg Extensions;1;8;28.05;35.5
﻿2026-05-16;Nogi;Single Leg Extensions;2;8;33.05;41.9
﻿2026-05-16;Nogi;Standing Leg Curls;0;12;28.6;40.0
﻿2026-05-16;Nogi;Standing Leg Curls;1;10;33.6;44.8
﻿2026-05-16;Nogi;Standing Leg Curls;2;8;36.1;45.7
﻿2026-05-16;Brzuch;Hanging Leg Raise;0;11;0.0;0.0
﻿2026-05-16;Brzuch;Hanging Leg Raise;1;12;0.0;0.0
﻿2026-05-16;Brzuch;Hanging Leg Raise;2;11;0.0;0.0
﻿2026-05-16;Brzuch;Cable Crunch - Wyciąg Kapelanka - Na Podwyższeniu 15cm;0;10;39.25;52.3
﻿2026-05-16;Brzuch;Cable Crunch - Wyciąg Kapelanka - Na Podwyższeniu 15cm;1;10;39.25;52.3
﻿2026-05-16;Brzuch;Cable Crunch - Wyciąg Kapelanka - Na Podwyższeniu 15cm;2;10;41.0;54.7
﻿2026-05-15;Barki;Shoulder Press (Machine Plates);0;10;120.0;160.0
﻿2026-05-15;Barki;Shoulder Press (Machine Plates);1;6;130.0;156.0
﻿2026-05-15;Barki;Shoulder Press (Machine Plates);2;6;130.0;156.0
﻿2026-05-15;Barki;Shoulder Press (Machine Plates);3;6;130.0;156.0
﻿2026-05-15;Barki;Lateral Raise (Dumbbell);0;12;12.5;17.5
﻿2026-05-15;Barki;Lateral Raise (Dumbbell);1;14;12.5;18.3
﻿2026-05-15;Barki;Single Arm Lateral Raise (Cable);0;9;7.5;9.8
﻿2026-05-15;Barki;Single Arm Lateral Raise (Cable);1;10;7.5;10.0
﻿2026-05-15;Barki;Face Pull;0;10;22.5;30.0
﻿2026-05-15;Barki;Face Pull;1;12;22.5;31.5
﻿2026-05-15;Barki;Face Pull;2;12;22.5;31.5
﻿2026-05-15;Barki;Face Pull;3;10;25.0;33.3
﻿2026-05-15;Biceps;Preacher Curl (Machine);0;9;47.5;61.8
﻿2026-05-15;Biceps;Preacher Curl (Machine);1;8;50.0;63.3
﻿2026-05-15;Biceps;Preacher Curl (Machine);2;6;52.5;63.0
﻿2026-05-15;Triceps;Skullcrusher (Barbell);0;7;49.0;60.4
﻿2026-05-15;Triceps;Skullcrusher (Barbell);1;7;49.0;60.4
﻿2026-05-15;Triceps;Skullcrusher (Barbell);2;7;49.0;60.4
﻿2026-05-15;Biceps;Seated Incline Curl (Dumbbell);0;11;15.0;20.5
﻿2026-05-15;Biceps;Seated Incline Curl (Dumbbell);1;6;17.5;21.0
﻿2026-05-15;Biceps;Seated Incline Curl (Dumbbell);2;6;17.5;21.0
﻿2026-05-15;Triceps;Triceps Pushdown;0;10;37.5;50.0
﻿2026-05-15;Triceps;Triceps Pushdown;1;10;40.0;53.3
﻿2026-05-15;Triceps;Triceps Pushdown;2;9;42.5;55.2
﻿2026-05-15;Biceps;Hammer Curl (Cable);0;9;32.5;42.2
﻿2026-05-15;Triceps;Single Arm Triceps Pushdown (Cable);0;9;12.5;16.2
﻿2026-05-14;Klatka;Bench Press (Barbell) Hipertrofia;0;12;90.0;126.0
﻿2026-05-14;Klatka;Bench Press (Barbell) Hipertrofia;1;11;90.0;123.0
﻿2026-05-14;Klatka;Bench Press (Barbell) Hipertrofia;2;10;90.0;120.0
﻿2026-05-14;Plecy;Lat Pulldown (Cable);0;10;78.5;104.7
﻿2026-05-14;Plecy;Lat Pulldown (Cable);1;10;85.5;114.0
﻿2026-05-14;Plecy;Lat Pulldown (Cable);2;9;89.0;115.7
﻿2026-05-14;Plecy;Lat Pulldown (Cable);3;7;92.5;114.1
﻿2026-05-14;Klatka;Incline Chest Press (Machine);0;10;100.0;133.3
﻿2026-05-14;Klatka;Incline Chest Press (Machine);1;8;105.0;133.0
﻿2026-05-14;Klatka;Incline Chest Press (Machine);2;7;110.0;135.7
﻿2026-05-14;Klatka;Incline Chest Press (Machine);3;6;112.5;135.0
﻿2026-05-14;Plecy;Iso-Lateral High Row (Machine);0;10;90.0;120.0
﻿2026-05-14;Plecy;Iso-Lateral High Row (Machine);1;10;100.0;133.3
﻿2026-05-14;Plecy;Iso-Lateral High Row (Machine);2;8;110.0;139.3
﻿2026-05-14;Klatka;Butterfly (Pec Deck);0;11;89.0;121.6
﻿2026-05-14;Klatka;Butterfly (Pec Deck);1;10;96.0;128.0
﻿2026-05-14;Klatka;Butterfly (Pec Deck);2;8;103.0;130.5
﻿2026-05-14;Plecy;Pullover (Machine);0;12;75.0;105.0
﻿2026-05-14;Plecy;Pullover (Machine);1;10;85.0;113.3
﻿2026-05-14;Plecy;Pullover (Machine);2;10;90.0;120.0
﻿2026-05-13;Cardio;Treadmill;0;0;0.0;0.0
﻿2026-05-12;Rozgrzewka;Warm Up;0;0;0.0;0.0
﻿2026-05-12;Nogi;Squat (Barbell);0;5;140.0;163.3
﻿2026-05-12;Nogi;Squat (Barbell);1;5;140.0;163.3
﻿2026-05-12;Nogi;Squat (Barbell);2;6;140.0;168.0
﻿2026-05-12;Nogi;Romanian Deadlift (Barbell);0;8;122.5;155.2
﻿2026-05-12;Nogi;Romanian Deadlift (Barbell);1;8;132.5;167.8
﻿2026-05-12;Nogi;Romanian Deadlift (Barbell);2;6;142.5;171.0
﻿2026-05-12;Nogi;Hack Squat (Machine);0;8;132.5;167.8
﻿2026-05-12;Nogi;Hack Squat (Machine);1;8;132.5;167.8
﻿2026-05-12;Nogi;Hack Squat (Machine);2;8;132.5;167.8
﻿2026-05-12;Nogi;Leg Extension (Machine);0;10;72.5;96.7
﻿2026-05-12;Nogi;Leg Extension (Machine);1;10;72.5;96.7
﻿2026-05-12;Nogi;Leg Extension (Machine);2;10;72.5;96.7
﻿2026-05-12;Nogi;Lying Leg Curl (Machine);0;11;45.0;61.5
﻿2026-05-12;Nogi;Lying Leg Curl (Machine);1;8;47.5;60.2
﻿2026-05-12;Nogi;Lying Leg Curl (Machine);2;9;47.5;61.8
﻿2026-05-12;Nogi;Hip Adduction (Machine);0;11;90.0;123.0
﻿2026-05-12;Nogi;Hip Adduction (Machine);1;8;100.0;126.7
﻿2026-05-12;Brzuch;Cable Crunch;0;12;46.25;64.8
﻿2026-05-12;Brzuch;Cable Crunch;1;10;48.75;65.0
﻿2026-05-12;Brzuch;Cable Crunch;2;10;51.25;68.3
﻿2026-05-12;Brzuch;Cable Core Pallof Press;0;8;16.25;20.6
﻿2026-05-12;Brzuch;Cable Core Pallof Press;1;6;18.75;22.5
﻿2026-05-11;Klatka;Bench Press (Barbell);0;7;95.0;117.2
﻿2026-05-11;Klatka;Bench Press (Barbell);1;7;95.0;117.2
﻿2026-05-11;Klatka;Bench Press (Barbell);2;7;95.0;117.2
﻿2026-05-11;Klatka;Bench Press (Barbell);3;6;97.5;117.0
﻿2026-05-11;Plecy;Pull Up;0;6;0.0;0.0
﻿2026-05-11;Plecy;Pull Up;1;6;0.0;0.0
﻿2026-05-11;Plecy;Pull Up;2;6;0.0;0.0
﻿2026-05-11;Plecy;Pull Up;3;5;0.0;0.0
﻿2026-05-11;Klatka;Incline Bench Press (Dumbbell);0;6;45.0;54.0
﻿2026-05-11;Klatka;Incline Bench Press (Dumbbell);1;6;45.0;54.0
﻿2026-05-11;Klatka;Incline Bench Press (Dumbbell);2;6;45.0;54.0
﻿2026-05-11;Plecy;Dumbbell Row;0;10;45.0;60.0
﻿2026-05-11;Plecy;Dumbbell Row;1;11;45.0;61.5
﻿2026-05-11;Plecy;Dumbbell Row;2;10;47.5;63.3
﻿2026-05-11;Klatka;Low Cable Fly Crossovers;0;11;12.5;17.1
﻿2026-05-11;Klatka;Low Cable Fly Crossovers;1;11;13.75;18.8
﻿2026-05-11;Klatka;Low Cable Fly Crossovers;2;8;15.0;19.0
﻿2026-05-11;Plecy;Single Arm Cable Row;0;10;41.25;55.0
﻿2026-05-11;Plecy;Single Arm Cable Row;1;9;43.75;56.9
﻿2026-05-11;Plecy;Single Arm Cable Row;2;8;46.25;58.6
﻿2026-05-11;Biceps;Bicep Curl (Cable);0;10;27.5;36.7
﻿2026-05-11;Biceps;Bicep Curl (Cable);1;10;28.75;38.3
﻿2026-05-11;Triceps;Triceps Rope Pushdown;0;10;25.0;33.3
﻿2026-05-11;Triceps;Triceps Rope Pushdown;1;9;27.5;35.8
﻿2026-05-11;Barki;Lateral Raise (Machine);0;9;55.0;71.5
﻿2026-05-11;Barki;Lateral Raise (Machine);1;8;57.5;72.8
﻿2026-05-11;Barki;Rear Delt Reverse Fly (Machine);0;10;20.0;26.7
﻿2026-05-11;Barki;Rear Delt Reverse Fly (Machine);1;12;20.0;28.0
﻿2026-05-09;Nogi;Pendulum Squat (Machine);0;8;96.7;122.5
﻿2026-05-09;Nogi;Pendulum Squat (Machine);1;8;96.7;122.5
﻿2026-05-09;Nogi;Pendulum Squat (Machine);2;7;101.7;125.4
﻿2026-05-09;Nogi;Single Leg Press (Machine);0;8;93.0;117.8
﻿2026-05-09;Nogi;Single Leg Press (Machine);1;8;103.0;130.5
﻿2026-05-09;Nogi;Single Leg Press (Machine);2;8;113.0;143.1
﻿2026-05-09;Nogi;Single Leg Extensions;0;10;21.8;29.1
﻿2026-05-09;Nogi;Single Leg Extensions;1;8;26.8;33.9
﻿2026-05-09;Nogi;Single Leg Extensions;2;6;31.8;38.2
﻿2026-05-09;Nogi;Standing Leg Curls;0;10;23.6;31.5
﻿2026-05-09;Nogi;Standing Leg Curls;1;10;28.6;38.1
﻿2026-05-09;Nogi;Standing Leg Curls;2;10;33.6;44.8
﻿2026-05-09;Brzuch;Hanging Leg Raise;0;10;0.0;0.0
﻿2026-05-09;Brzuch;Hanging Leg Raise;1;10;0.0;0.0
﻿2026-05-09;Brzuch;Hanging Leg Raise;2;12;0.0;0.0
﻿2026-05-09;Brzuch;Cable Crunch - Wyciąg Kapelanka - Na Podwyższeniu 15cm;0;10;37.5;50.0
﻿2026-05-09;Brzuch;Cable Crunch - Wyciąg Kapelanka - Na Podwyższeniu 15cm;1;10;37.5;50.0
﻿2026-05-09;Brzuch;Cable Crunch - Wyciąg Kapelanka - Na Podwyższeniu 15cm;2;10;37.5;50.0
﻿2026-05-08;Barki;Shoulder Press (Machine Plates);0;9;120.0;156.0
﻿2026-05-08;Barki;Shoulder Press (Machine Plates);1;6;130.0;156.0
﻿2026-05-08;Barki;Shoulder Press (Machine Plates);2;6;130.0;156.0
﻿2026-05-08;Barki;Shoulder Press (Machine Plates);3;5;130.0;151.7
﻿2026-05-08;Barki;Lateral Raise (Dumbbell);0;10;12.5;16.7
﻿2026-05-08;Barki;Lateral Raise (Dumbbell);1;12;12.5;17.5
﻿2026-05-08;Barki;Single Arm Lateral Raise (Cable);0;8;7.5;9.5
﻿2026-05-08;Barki;Single Arm Lateral Raise (Cable);1;8;7.5;9.5
﻿2026-05-08;Barki;Face Pull;0;10;22.5;30.0
﻿2026-05-08;Barki;Face Pull;1;10;22.5;30.0
﻿2026-05-08;Barki;Face Pull;2;10;22.5;30.0
﻿2026-05-08;Barki;Face Pull;3;10;22.5;30.0
﻿2026-05-08;Biceps;Preacher Curl (Machine);0;8;47.5;60.2
﻿2026-05-08;Biceps;Preacher Curl (Machine);1;7;50.0;61.7
﻿2026-05-08;Biceps;Preacher Curl (Machine);2;5;52.5;61.3
﻿2026-05-08;Triceps;Skullcrusher (Barbell);0;6;49.0;58.8
﻿2026-05-08;Triceps;Skullcrusher (Barbell);1;6;49.0;58.8
﻿2026-05-08;Triceps;Skullcrusher (Barbell);2;6;49.0;58.8
﻿2026-05-08;Biceps;Seated Incline Curl (Dumbbell);0;10;15.0;20.0
﻿2026-05-08;Biceps;Seated Incline Curl (Dumbbell);1;5;17.5;20.4
﻿2026-05-08;Biceps;Seated Incline Curl (Dumbbell);2;5;17.5;20.4
﻿2026-05-08;Triceps;Triceps Pushdown;0;10;35.0;46.7
﻿2026-05-08;Triceps;Triceps Pushdown;1;10;37.5;50.0
﻿2026-05-08;Triceps;Triceps Pushdown;2;10;40.0;53.3
﻿2026-05-08;Biceps;Hammer Curl (Cable);0;8;32.5;41.2
﻿2026-05-08;Triceps;Single Arm Triceps Pushdown (Cable);0;8;12.5;15.8
﻿2026-05-07;Klatka;Bench Press (Barbell) Hipertrofia;0;10;90.0;120.0
﻿2026-05-07;Klatka;Bench Press (Barbell) Hipertrofia;1;9;90.0;117.0
﻿2026-05-07;Klatka;Bench Press (Barbell) Hipertrofia;2;8;90.0;114.0
﻿2026-05-07;Plecy;Lat Pulldown (Cable);0;10;75.0;100.0
﻿2026-05-07;Plecy;Lat Pulldown (Cable);1;10;82.0;109.3
﻿2026-05-07;Plecy;Lat Pulldown (Cable);2;8;89.0;112.7
﻿2026-05-07;Plecy;Lat Pulldown (Cable);3;6;92.5;111.0
﻿2026-05-07;Klatka;Incline Chest Press (Machine);0;12;80.0;112.0
﻿2026-05-07;Klatka;Incline Chest Press (Machine);1;8;100.0;126.7
﻿2026-05-07;Klatka;Incline Chest Press (Machine);2;6;110.0;132.0
﻿2026-05-07;Klatka;Incline Chest Press (Machine);3;7;110.0;135.7
﻿2026-05-07;Plecy;Iso-Lateral High Row (Machine);0;12;70.0;98.0
﻿2026-05-07;Plecy;Iso-Lateral High Row (Machine);1;10;80.0;106.7
﻿2026-05-07;Plecy;Iso-Lateral High Row (Machine);2;8;100.0;126.7
﻿2026-05-07;Klatka;Butterfly (Pec Deck);0;12;61.0;85.4
﻿2026-05-07;Klatka;Butterfly (Pec Deck);1;12;75.0;105.0
﻿2026-05-07;Klatka;Butterfly (Pec Deck);2;10;96.0;128.0
﻿2026-05-07;Plecy;Pullover (Machine);0;12;70.0;98.0
﻿2026-05-07;Plecy;Pullover (Machine);1;10;80.0;106.7
﻿2026-05-07;Plecy;Pullover (Machine);2;9;90.0;117.0
﻿2026-05-06;Cardio;Treadmill;0;0;0.0;0.0
﻿2026-05-05;Rozgrzewka;Warm Up;0;0;0.0;0.0
﻿2026-05-05;Nogi;Squat (Barbell);0;5;140.0;163.3
﻿2026-05-05;Nogi;Squat (Barbell);1;5;140.0;163.3
﻿2026-05-05;Nogi;Squat (Barbell);2;5;140.0;163.3
﻿2026-05-05;Nogi;Romanian Deadlift (Barbell);0;8;120.0;152.0
﻿2026-05-05;Nogi;Romanian Deadlift (Barbell);1;8;130.0;164.7
﻿2026-05-05;Nogi;Romanian Deadlift (Barbell);2;6;140.0;168.0
﻿2026-05-05;Nogi;Hack Squat (Machine);0;8;130.0;164.7
﻿2026-05-05;Nogi;Hack Squat (Machine);1;8;130.0;164.7
﻿2026-05-05;Nogi;Hack Squat (Machine);2;8;130.0;164.7
﻿2026-05-05;Nogi;Leg Extension (Machine);0;10;70.0;93.3
﻿2026-05-05;Nogi;Leg Extension (Machine);1;10;70.0;93.3
﻿2026-05-05;Nogi;Leg Extension (Machine);2;10;70.0;93.3
﻿2026-05-05;Nogi;Lying Leg Curl (Machine);0;10;45.0;60.0
﻿2026-05-05;Nogi;Lying Leg Curl (Machine);1;10;45.0;60.0
﻿2026-05-05;Nogi;Lying Leg Curl (Machine);2;9;45.0;58.5
﻿2026-05-05;Nogi;Hip Adduction (Machine);0;10;90.0;120.0
﻿2026-05-05;Nogi;Hip Adduction (Machine);1;8;100.0;126.7
﻿2026-05-05;Brzuch;Cable Crunch;0;12;45.0;63.0
﻿2026-05-05;Brzuch;Cable Crunch;1;10;47.5;63.3
﻿2026-05-05;Brzuch;Cable Crunch;2;10;50.0;66.7
﻿2026-05-05;Brzuch;Cable Core Pallof Press;0;8;15.0;19.0
﻿2026-05-05;Brzuch;Cable Core Pallof Press;1;6;17.5;21.0
﻿2026-05-04;Klatka;Bench Press (Barbell);0;6;95.0;114.0
﻿2026-05-04;Klatka;Bench Press (Barbell);1;6;95.0;114.0
﻿2026-05-04;Klatka;Bench Press (Barbell);2;6;95.0;114.0
﻿2026-05-04;Klatka;Bench Press (Barbell);3;6;95.0;114.0
﻿2026-05-04;Plecy;Pull Up;0;5;0.0;0.0
﻿2026-05-04;Plecy;Pull Up;1;6;0.0;0.0
﻿2026-05-04;Plecy;Pull Up;2;6;0.0;0.0
﻿2026-05-04;Plecy;Pull Up;3;5;0.0;0.0
﻿2026-05-04;Klatka;Incline Bench Press (Dumbbell);0;6;45.0;54.0
﻿2026-05-04;Klatka;Incline Bench Press (Dumbbell);1;6;45.0;54.0
﻿2026-05-04;Klatka;Incline Bench Press (Dumbbell);2;6;45.0;54.0
﻿2026-05-04;Plecy;Dumbbell Row;0;8;45.0;57.0
﻿2026-05-04;Plecy;Dumbbell Row;1;9;45.0;58.5
﻿2026-05-04;Plecy;Dumbbell Row;2;10;45.0;60.0
﻿2026-05-04;Klatka;Low Cable Fly Crossovers;0;12;10.0;14.0
﻿2026-05-04;Klatka;Low Cable Fly Crossovers;1;10;12.5;16.7
﻿2026-05-04;Klatka;Low Cable Fly Crossovers;2;10;13.75;18.3
﻿2026-05-04;Plecy;Single Arm Cable Row;0;10;40.0;53.3
﻿2026-05-04;Plecy;Single Arm Cable Row;1;8;42.5;53.8
﻿2026-05-04;Plecy;Single Arm Cable Row;2;8;45.0;57.0
﻿2026-05-04;Biceps;Bicep Curl (Cable);0;10;25.0;33.3
﻿2026-05-04;Biceps;Bicep Curl (Cable);1;9;27.5;35.8
﻿2026-05-04;Triceps;Triceps Rope Pushdown;0;10;20.0;26.7
﻿2026-05-04;Triceps;Triceps Rope Pushdown;1;12;22.5;31.5
﻿2026-05-04;Barki;Lateral Raise (Machine);0;8;55.0;69.7
﻿2026-05-04;Barki;Lateral Raise (Machine);1;7;57.5;70.9
﻿2026-05-04;Barki;Rear Delt Reverse Fly (Machine);0;8;20.0;25.3
﻿2026-05-04;Barki;Rear Delt Reverse Fly (Machine);1;10;20.0;26.7
